Event,Layer,Quadrant,X,Y,ToF,Energy,Col,Row,ToT,ToH,Twait
2,1,1,-8.438003540039062,7.229799270629883,25.85403060913086,0.0,9,313,2,50.85403060913086,50.85403060913086
2,1,3,-5.5171966552734375,-9.983400344848633,26.146690368652344,0.0,27,0,2,51.146690368652344,0.2927
3,1,1,-6.802398681640625,4.121700286865234,26.22547912597656,0.0,19,256,2,76.22547912597656,25.0788
4,1,3,-9.268402099609377,1.5687999725341797,25.997699737548828,0.0,4,210,2,100.99769973754883,24.7722
4,1,1,-7.66180419921875,-3.176799774169922,26.1843490600586,0.0,14,124,2,101.1843490600586,0.1866
4,1,1,-5.754898071289063,-1.1368999481201172,26.18486976623535,0.0,25,161,2,101.18486976623535,0.0005
4,1,1,-7.22509765625,-4.944900035858154,26.185039520263672,0.0,16,91,2,101.18503952026367,0.0002
4,1,1,-5.394302368164063,-4.122200012207031,26.19034004211425,0.0,27,106,2,101.19034004211426,0.0053
5,1,2,-6.011398315429688,-4.953999996185303,26.0687198638916,0.0,24,91,2,126.0687198638916,24.8784
5,1,2,-5.99749755859375,-4.953700065612793,26.069730758666992,0.0,24,91,2,126.06973075866699,0.001
5,1,1,-6.6096038818359375,-4.162899971008301,26.44117927551269,0.0,20,106,2,126.4411792755127,0.3714
6,1,2,-7.90020751953125,-3.9168996810913086,26.099550247192383,0.0,12,110,2,151.09955024719238,24.6584
6,1,2,-8.110107421875,-8.713299751281738,26.18161964416504,0.0,11,23,2,151.18161964416504,0.0821
6,1,3,-7.856094360351562,-9.289299964904783,26.258440017700195,0.0,12,12,2,151.2584400177002,0.0768
7,1,2,-5.2303009033203125,-5.709700107574463,26.006059646606445,0.0,28,78,2,176.00605964660645,24.7476
7,1,1,-7.49530029296875,-6.097700119018555,26.305700302124023,0.0,15,70,2,176.30570030212402,0.2996
8,1,1,-7.7014007568359375,-5.514200210571289,26.09906959533692,0.0,13,81,2,201.0990695953369,24.7934
9,1,1,-6.489501953125,5.6334991455078125,25.971330642700195,0.0,21,284,2,225.9713306427002,24.8723
9,1,2,-8.851699829101562,-5.221199989318848,25.98262023925781,0.0,6,86,2,225.9826202392578,0.0113
10,1,1,-8.36199951171875,7.172100067138672,25.976959228515625,0.0,9,312,2,250.97695922851562,24.9943
10,1,2,-7.1475982666015625,5.185600280761719,25.981840133666992,0.0,17,276,2,250.981840133667,0.0049
10,1,4,-9.557296752929688,-5.323299884796143,25.99538993835449,0.0,2,85,2,250.9953899383545,0.0135
11,1,4,-9.469696044921877,-8.928500175476074,26.12459945678711,0.0,3,19,2,276.1245994567871,25.1292
11,1,1,-7.30059814453125,-7.381100177764893,26.2829704284668,0.0,16,47,2,276.2829704284668,0.1584
12,1,4,-8.085494995117188,3.505599975585937,26.093339920043945,0.0,11,245,2,301.09333992004395,24.8104
13,1,1,-7.879501342773437,-5.349999904632568,26.1949405670166,0.0,12,84,2,326.1949405670166,25.1016
13,1,4,-6.8397064208984375,-8.217599868774414,26.20128059387207,0.0,19,32,2,326.20128059387207,0.0063
14,1,2,-9.0946044921875,-5.946700096130371,25.99765014648437,0.0,5,73,2,350.9976501464844,24.7964
14,1,2,-7.189300537109375,1.0439996719360352,26.044910430908203,0.0,17,200,2,351.0449104309082,0.0473
15,1,1,-7.6894989013671875,-2.019700050354004,26.162029266357425,0.0,14,145,2,376.1620292663574,25.1171
17,1,2,-7.742294311523437,1.2023000717163086,26.54073905944824,0.0,13,203,2,426.54073905944824,50.3787
19,1,4,-8.295501708984375,-0.1837997436523437,26.33072090148925,0.0,10,178,2,476.33072090148926,49.79
20,1,3,-8.473297119140625,-8.816800117492676,25.88507080078125,0.0,9,21,2,500.88507080078125,24.5543
20,1,3,-8.464996337890625,-5.470699787139893,26.125030517578125,0.0,9,82,2,501.1250305175781,0.24
21,1,4,-8.876800537109375,6.565200805664063,26.027650833129883,0.0,6,301,2,526.0276508331299,24.9026
21,1,1,-8.313507080078125,5.165700912475586,26.055349349975582,0.0,10,275,2,526.0553493499756,0.0277
21,1,2,-5.640594482421875,-4.710599899291992,26.27703094482422,0.0,26,96,2,526.2770309448242,0.2217
22,1,4,-7.8217926025390625,-4.28849983215332,26.06477928161621,0.0,13,103,2,551.0647792816162,24.7877
22,1,3,-5.8096923828125,6.062099456787109,26.412750244140625,0.0,25,292,2,551.4127502441406,0.348
23,1,1,-9.316696166992188,4.061800003051758,26.23417091369629,0.0,4,255,2,576.2341709136963,24.8214
23,1,1,-5.3126068115234375,3.1711997985839844,26.40846061706543,0.0,28,239,2,576.4084606170654,0.1743
25,1,2,-5.505905151367188,-5.67170000076294,25.92746925354004,0.0,27,78,2,625.92746925354,49.519
25,1,2,-6.6378936767578125,-8.654199600219727,25.99574089050293,0.0,20,24,2,625.9957408905029,0.0683
25,1,3,-6.1959991455078125,-8.422599792480469,26.03801918029785,0.0,23,28,2,626.0380191802979,0.0423
25,1,3,-8.9302978515625,-7.819799900054932,26.26828956604004,0.0,6,39,2,626.26828956604,0.2303
26,1,2,-7.6432952880859375,-2.514399528503418,26.10283088684082,0.0,14,136,2,651.1028308868408,24.8345
26,1,3,-8.613906860351562,-5.531400203704834,26.32862091064453,0.0,8,81,2,651.3286209106445,0.2258
27,1,3,-9.20550537109375,4.856300354003906,25.854930877685547,0.0,4,270,2,675.8549308776855,24.5263
28,1,1,-7.159194946289063,0.9568004608154296,25.96795082092285,0.0,17,199,2,700.9679508209229,25.113
28,1,3,-9.056503295898438,1.739100456237793,26.19540023803711,0.0,5,213,2,701.1954002380371,0.2274
29,1,3,-8.712600708007812,-9.750100135803224,26.1368408203125,0.0,7,4,2,726.1368408203125,24.9414
30,1,1,-7.729202270507812,3.98330020904541,25.8930892944336,0.0,13,254,2,750.8930892944336,24.7562
30,1,3,-6.81170654296875,-0.5240001678466797,25.899200439453125,0.0,19,172,2,750.8992004394531,0.0061
30,1,1,-6.356597900390625,-3.3416004180908203,25.973020553588867,0.0,22,121,2,750.9730205535889,0.0738
31,1,2,-5.606903076171875,-5.183000087738037,26.060380935668945,0.0,26,87,2,776.060380935669,25.0874
31,1,1,-8.901397705078125,0.717900276184082,26.100460052490234,0.0,6,194,2,776.1004600524902,0.0401
32,1,2,-9.950698852539062,-1.3816003799438477,25.840639114379883,0.0,0,156,2,800.8406391143799,24.7402
33,1,1,-6.799896240234375,6.97760009765625,26.1872501373291,0.0,19,308,2,826.1872501373291,25.3466
33,1,1,-8.880599975585938,7.016399383544922,26.34881019592285,0.0,6,309,2,826.3488101959229,0.1616
33,1,1,-9.972396850585938,-8.544500350952148,26.47410011291504,0.0,0,26,2,826.474100112915,0.1253
34,1,2,-8.5841064453125,3.65410041809082,26.006629943847656,0.0,8,248,2,851.0066299438477,24.5325
34,1,4,-7.1970062255859375,-9.621600151062012,26.01247978210449,0.0,16,6,2,851.0124797821045,0.0058
35,1,2,-5.2733001708984375,-9.451499938964844,26.122339248657227,0.0,28,9,2,876.1223392486572,25.1099
35,1,4,-6.4337005615234375,5.044399261474609,26.33612060546875,0.0,21,273,2,876.3361206054688,0.2138
37,1,1,-6.7760009765625,4.748300552368164,26.03745079040528,0.0,19,268,2,926.0374507904053,49.7013
40,1,1,-8.730697631835938,-8.307600021362305,25.98822021484375,0.0,7,30,2,1000.9882202148438,74.9508
40,1,3,-6.7447052001953125,-1.232600212097168,25.995250701904297,0.0,19,159,2,1000.9952507019043,0.007
40,1,1,-9.064300537109377,6.092399597167969,26.25259017944336,0.0,5,292,2,1001.2525901794434,0.2573
40,1,3,-7.771896362304687,-8.992500305175781,26.82765007019043,0.0,13,18,2,1001.8276500701904,0.5751
41,1,4,-7.404403686523437,6.371999740600586,25.8972396850586,0.0,15,297,2,1025.8972396850586,24.0696
42,1,3,-7.9492034912109375,6.011899948120117,26.19331932067871,0.0,12,291,2,1051.1933193206787,25.2961
43,1,4,-8.156692504882812,1.9393997192382808,26.134180068969727,0.0,11,217,2,1076.1341800689697,24.9409
43,1,1,-7.2534027099609375,-2.784099578857422,26.13463020324707,0.0,16,131,2,1076.134630203247,0.0005
44,1,2,-8.847702026367188,5.492099761962891,26.13402938842773,0.0,6,281,2,1101.1340293884277,24.9994
46,1,2,-8.471298217773438,-5.657199859619141,26.060680389404297,0.0,9,78,2,1151.0606803894043,49.9267
46,1,3,-7.056900024414063,1.057499885559082,26.12138938903809,0.0,17,201,2,1151.121389389038,0.0607
46,1,4,-7.785293579101562,-4.630099773406982,26.17204093933105,0.0,13,97,2,1151.172040939331,0.0507
46,1,2,-9.733993530273438,7.178499221801758,26.215749740600582,0.0,1,312,2,1151.2157497406006,0.0437
47,1,2,-6.860107421875,-7.177199840545654,26.07578086853028,0.0,19,51,2,1176.0757808685303,24.86
47,1,2,-7.733993530273437,-6.591100215911865,26.35675048828125,0.0,13,61,2,1176.3567504882812,0.281
48,1,1,-6.7904052734375,-6.320000171661377,26.440040588378903,0.0,19,66,2,1201.440040588379,25.0833
49,1,2,-8.708999633789062,0.6461000442504883,25.854829788208008,0.0,7,193,2,1225.854829788208,24.4148
49,1,2,-8.722900390625,-0.4848003387451172,25.8829402923584,0.0,7,173,2,1225.8829402923584,0.0281
49,1,1,-6.1313018798828125,-0.2898998260498047,25.90060043334961,0.0,23,176,2,1225.9006004333496,0.0177
50,1,2,-9.284194946289062,-5.678500175476074,25.99683952331543,0.0,4,78,2,1250.9968395233154,25.0962
51,1,4,-8.715499877929688,-0.5565004348754883,25.924909591674805,0.0,7,171,2,1275.9249095916748,24.9281
51,1,4,-9.239395141601562,-9.779899597167969,25.96734046936035,0.0,4,4,2,1275.9673404693604,0.0424
51,1,2,-8.432296752929688,-9.199700355529783,26.06579971313477,0.0,9,14,2,1276.0657997131348,0.0985
52,1,1,-7.452301025390625,3.0272998809814453,26.124059677124023,0.0,15,236,2,1301.124059677124,25.0583
52,1,4,-9.069305419921877,-7.290800094604492,26.144760131835938,0.0,5,49,2,1301.144760131836,0.0207
52,1,1,-7.329803466796875,2.861800193786621,26.38528060913086,0.0,16,233,2,1301.3852806091309,0.2405
52,1,1,-5.325897216796875,-9.2322998046875,26.526599884033203,0.0,28,13,2,1301.5265998840332,0.1413
53,1,3,-9.502899169921877,-7.70359992980957,26.44647979736328,0.0,3,41,2,1326.4464797973633,24.9199
54,1,1,-7.906097412109375,-0.7659997940063477,26.26240921020508,0.0,12,167,2,1351.262409210205,24.8159
54,1,1,-8.726699829101562,-9.35099983215332,26.34737968444824,0.0,7,11,2,1351.3473796844482,0.085
55,1,1,-8.8070068359375,-4.465199947357178,25.94976043701172,0.0,7,100,2,1375.9497604370117,24.6024
57,1,2,-8.404205322265625,1.9608001708984373,26.010290145874023,0.0,9,217,2,1426.010290145874,50.0605
57,1,3,-5.685302734375,4.95159912109375,26.142719268798828,0.0,26,271,2,1426.1427192687988,0.1324
60,1,3,-9.519393920898438,0.5136003494262695,25.94696998596192,0.0,2,191,2,1500.946969985962,74.8043
60,1,1,-7.165695190429688,5.0326995849609375,26.10042953491211,0.0,17,273,2,1501.100429534912,0.1535
60,1,4,-9.828094482421877,-5.280700206756592,26.121740341186523,0.0,1,85,2,1501.1217403411865,0.0213
60,1,1,-9.3572998046875,1.928400039672852,26.1297607421875,0.0,3,216,2,1501.1297607421875,0.008
60,1,4,-5.799896240234375,-2.5622997283935547,26.350629806518555,0.0,25,135,2,1501.3506298065186,0.2209
62,1,1,-6.503692626953125,5.666599273681641,25.954120635986328,0.0,21,284,2,1550.9541206359863,49.6035
62,1,1,-8.313095092773438,-2.6538000106811523,26.17593002319336,0.0,10,133,2,1551.1759300231934,0.2218
63,1,1,-9.746902465820312,7.324800491333008,26.349119186401367,0.0,1,314,2,1576.3491191864014,25.1732
64,1,2,-5.49420166015625,-8.204999923706055,25.85136985778809,0.0,27,32,2,1600.851369857788,24.5023
64,1,2,-9.480300903320312,4.91349983215332,26.062519073486328,0.0,3,271,2,1601.0625190734863,0.2111
64,1,4,-5.512298583984375,2.968400001525879,26.06574058532715,0.0,27,235,2,1601.0657405853271,0.0032
65,1,1,-6.3834991455078125,-4.008200168609619,26.261430740356445,0.0,21,108,2,1626.2614307403564,25.1957
66,1,4,-9.4053955078125,-5.37559986114502,25.87730026245117,0.0,3,84,2,1650.8773002624512,24.6159
66,1,1,-5.5724945068359375,-6.478700160980225,26.236160278320312,0.0,26,64,2,1651.2361602783203,0.3589
67,1,2,-8.596405029296875,6.592800140380859,25.98759078979492,0.0,8,301,2,1675.987590789795,24.7514
67,1,1,-5.3455963134765625,4.0970001220703125,26.23617935180664,0.0,28,256,2,1676.2361793518066,0.2486
67,1,1,-7.08489990234375,3.010499954223633,26.31627082824707,0.0,17,236,2,1676.316270828247,0.0801
69,1,2,-6.5149993896484375,-5.329100131988525,25.715070724487305,0.0,21,84,2,1725.7150707244873,49.3988
70,1,3,-9.71429443359375,-7.928999900817871,26.292539596557617,0.0,1,37,2,1751.2925395965576,25.5775
71,1,2,-8.206100463867188,-3.005599975585937,27.06488037109375,0.0,10,127,2,1777.0648803710938,25.7723
72,1,4,-6.879806518554688,-6.054900169372559,26.196399688720703,0.0,18,71,2,1801.1963996887207,24.1315
72,1,2,-5.475601196289063,-4.760300159454346,26.293949127197266,0.0,27,95,2,1801.2939491271973,0.0975
74,1,2,-7.155197143554688,-4.146399974822998,26.09925079345703,0.0,17,106,2,1851.099250793457,49.8053
75,1,4,-7.707901000976562,3.4130001068115234,26.31843948364257,0.0,13,243,2,1876.3184394836426,25.2192
77,1,2,-9.248397827148438,-7.916200160980225,26.035409927368164,0.0,4,37,2,1926.0354099273682,49.717
78,1,4,-9.55230712890625,1.329899787902832,26.08198928833008,0.0,2,205,2,1951.08198928833,25.0466
78,1,3,-6.871002197265625,-9.791799545288086,26.16196060180664,0.0,18,3,2,1951.1619606018066,0.08
79,1,2,-8.923004150390625,-5.841700077056885,25.87696075439453,0.0,6,75,2,1975.8769607543945,24.715
79,1,4,-9.644393920898438,-6.241499900817871,26.145000457763672,0.0,2,68,2,1976.1450004577637,0.268
79,1,3,-6.455001831054688,6.364599227905273,26.199689865112305,0.0,21,297,2,1976.1996898651123,0.0547
79,1,3,-6.3961944580078125,6.398500442504883,26.201719284057617,0.0,21,298,2,1976.2017192840576,0.002
82,1,3,-8.536407470703125,-6.19320011138916,25.77758026123047,0.0,8,69,2,2050.7775802612305,74.5759
82,1,1,-9.03900146484375,5.315900802612305,26.21150016784668,0.0,5,278,2,2051.2115001678467,0.4339
82,1,1,-6.981201171875,3.3292999267578125,26.278539657592773,0.0,18,242,2,2051.278539657593,0.067
83,1,3,-8.253005981445312,3.0939998626708984,25.99740028381348,0.0,10,238,2,2075.9974002838135,24.7189
83,1,3,-8.674301147460938,-5.336599826812744,26.154560089111328,0.0,8,84,2,2076.1545600891113,0.1572
83,1,1,-7.92950439453125,-4.607399940490723,26.27248954772949,0.0,12,98,2,2076.2724895477295,0.1179
85,1,1,-5.9568939208984375,4.71150016784668,26.272310256958008,0.0,24,267,2,2126.272310256958,49.9998
85,1,1,-6.9095001220703125,-0.9902000427246094,26.37443923950196,0.0,18,163,2,2126.374439239502,0.1021
86,1,4,-7.2599945068359375,-8.277299880981445,25.993370056152344,0.0,16,31,2,2150.9933700561523,24.6189
87,1,3,-9.680892944335938,6.315700531005859,26.116329193115234,0.0,1,296,2,2176.1163291931152,25.123
87,1,3,-9.442001342773438,-1.7894001007080078,26.194509506225582,0.0,3,149,2,2176.1945095062256,0.0782
87,1,2,-7.785797119140625,0.7124004364013672,26.200740814208984,0.0,13,194,2,2176.200740814209,0.0062
88,1,2,-5.9051055908203125,4.390100479125977,25.98278045654297,0.0,24,261,2,2200.982780456543,24.782
88,1,3,-8.955001831054688,-5.3024001121521,26.27123069763184,0.0,6,85,2,2201.271230697632,0.2885
89,1,2,-6.940200805664063,-3.557100296020508,26.33746910095215,0.0,18,117,2,2226.337469100952,25.0662
91,1,3,-8.199005126953125,3.4033002853393555,26.01654052734375,0.0,10,243,2,2276.0165405273438,49.6791
91,1,2,-7.928497314453125,-0.8975000381469727,26.02005958557129,0.0,12,165,2,2276.0200595855713,0.0035
91,1,3,-6.0261993408203125,-8.25409984588623,26.12129020690918,0.0,24,31,2,2276.121290206909,0.1012
91,1,2,-6.1815948486328125,-3.082599639892578,26.174129486083984,0.0,23,125,2,2276.174129486084,0.0528
92,1,2,-6.70550537109375,-9.834099769592283,25.705310821533203,0.0,19,3,2,2300.705310821533,24.5312
92,1,2,-9.091598510742188,3.92770004272461,26.116260528564453,0.0,5,253,2,2301.1162605285645,0.4109
92,1,2,-6.553497314453125,-1.1048002243041992,26.31454086303711,0.0,20,161,2,2301.314540863037,0.1983
94,1,2,-8.838104248046875,0.4273004531860351,26.0433406829834,0.0,7,189,2,2351.0433406829834,49.7288
94,1,2,-6.6020050048828125,-4.01200008392334,26.17531967163086,0.0,20,108,2,2351.175319671631,0.132
94,1,2,-7.592605590820312,-5.0690999031066895,26.41301918029785,0.0,14,89,2,2351.413019180298,0.2377
95,1,1,-8.14019775390625,3.2818002700805664,25.98479080200196,0.0,11,241,2,2375.984790802002,24.5718
96,1,3,-5.375,5.403799057006836,26.222400665283203,0.0,28,280,2,2401.222400665283,25.2376
97,1,2,-8.706802368164062,4.892900466918945,26.25507926940918,0.0,7,270,2,2426.255079269409,25.0327
97,1,4,-6.601104736328125,-6.461699962615967,26.268449783325195,0.0,20,64,2,2426.268449783325,0.0134
98,1,1,-9.348800659179688,-6.621500015258789,25.99847984313965,0.0,3,61,2,2450.9984798431396,24.73
98,1,1,-7.717803955078125,-7.251500129699707,26.16234016418457,0.0,13,49,2,2451.1623401641846,0.1639
98,1,1,-7.218597412109375,-7.417799949645996,26.16349983215332,0.0,16,46,2,2451.1634998321533,0.0012
98,1,2,-9.62750244140625,-2.051400184631348,26.23743057250977,0.0,2,144,2,2451.2374305725098,0.0739
98,1,2,-6.6016998291015625,6.267400741577148,26.37428092956543,0.0,20,295,2,2451.3742809295654,0.1369
99,1,1,-8.471694946289062,2.5178003311157227,26.211759567260746,0.0,9,227,2,2476.2117595672607,24.8375
99,1,1,-8.139205932617188,-3.810000419616699,26.256500244140625,0.0,11,112,2,2476.2565002441406,0.0447
101,1,1,-9.249496459960938,4.108400344848633,26.118070602416992,0.0,4,256,2,2526.118070602417,49.8616
103,1,1,-6.77490234375,-4.194200038909912,26.004610061645508,0.0,19,105,2,2576.0046100616455,49.8865
103,1,2,-6.809005737304688,-5.789999961853027,26.105100631713867,0.0,19,76,2,2576.105100631714,0.1005
103,1,1,-9.622299194335938,0.2406997680664062,26.14707946777344,0.0,2,186,2,2576.1470794677734,0.042
103,1,4,-8.521102905273438,7.045400619506836,26.17711067199707,0.0,8,309,2,2576.177110671997,0.03
104,1,4,-5.328094482421875,-5.401500225067139,25.95298957824707,0.0,28,83,2,2600.952989578247,24.7759
104,1,3,-8.875900268554688,1.685999870300293,26.18135070800781,0.0,6,212,2,2601.181350708008,0.2284
104,1,2,-6.5269927978515625,7.237499237060547,26.277379989624023,0.0,21,313,2,2601.277379989624,0.096
105,1,1,-6.82470703125,0.7574996948242188,25.93829917907715,0.0,19,195,2,2625.938299179077,24.6609
105,1,2,-9.41949462890625,-2.691300392150879,26.154130935668945,0.0,3,132,2,2626.154130935669,0.2158
105,1,3,-9.530502319335938,-9.492700576782228,26.4462890625,0.0,2,9,2,2626.4462890625,0.2922
106,1,4,-8.08709716796875,-3.4898996353149414,25.60429000854492,0.0,11,118,2,2650.604290008545,24.158
106,1,3,-5.5912933349609375,4.257699966430664,25.99721908569336,0.0,26,259,2,2650.9972190856934,0.3929
106,1,3,-6.77850341796875,6.469400405883789,26.116819381713867,0.0,19,299,2,2651.116819381714,0.1196
106,1,4,-6.4635009765625,3.299699783325196,26.372709274291992,0.0,21,241,2,2651.372709274292,0.2559
107,1,4,-5.6645050048828125,-3.131500244140625,26.232290267944336,0.0,26,124,2,2676.2322902679443,24.8596
109,1,3,-8.699203491210938,2.82289981842041,26.05021095275879,0.0,7,233,2,2726.050210952759,49.8179
109,1,2,-7.655899047851562,2.0719995498657227,26.444669723510746,0.0,14,219,2,2726.4446697235107,0.3945
110,1,1,-8.536407470703125,-2.6044998168945312,26.08135032653809,0.0,8,134,2,2751.081350326538,24.6367
111,1,3,-9.863998413085938,0.9052000045776368,25.84276008605957,0.0,0,198,2,2775.8427600860596,24.7614
112,1,4,-6.951095581054688,6.402099609375,25.84310913085937,0.0,18,298,2,2800.8431091308594,25.0003
112,1,3,-9.072402954101562,-4.5229997634887695,26.270830154418945,0.0,5,99,2,2801.270830154419,0.4277
113,1,2,-8.644302368164062,-5.80019998550415,26.172990798950195,0.0,8,76,2,2826.17299079895,24.9022
113,1,2,-8.15570068359375,-0.9299001693725586,26.199859619140625,0.0,11,164,2,2826.1998596191406,0.0269
113,1,3,-9.5447998046875,3.76509952545166,26.20124053955078,0.0,2,250,2,2826.201240539551,0.0014
114,1,2,-9.342697143554688,-9.84850025177002,26.53689956665039,0.0,3,2,2,2851.5368995666504,25.3357
115,1,1,-7.854598999023437,-2.452699661254883,26.267290115356445,0.0,13,137,2,2876.2672901153564,24.7304
115,1,4,-6.458404541015625,-2.403400421142578,26.32636070251465,0.0,21,138,2,2876.3263607025146,0.0591
116,1,2,-6.2097015380859375,-1.892399787902832,26.10873985290528,0.0,22,147,2,2901.1087398529053,24.7824
116,1,1,-7.045806884765625,-1.0943002700805664,26.456439971923828,0.0,17,161,2,2901.456439971924,0.3477
117,1,3,-6.652099609375,-1.898099899291992,26.453500747680664,0.0,20,147,2,2926.4535007476807,24.9971
118,1,4,-8.086593627929688,-4.389699935913086,25.89529037475586,0.0,11,102,2,2950.895290374756,24.4418
118,1,2,-9.787704467773438,5.601200103759766,26.14689064025879,0.0,1,283,2,2951.146890640259,0.2516
119,1,1,-8.876800537109375,5.975200653076172,26.185279846191406,0.0,6,290,2,2976.1852798461914,25.0384
119,1,1,-8.859695434570312,5.973800659179688,26.185279846191406,0.0,6,290,2,2976.1852798461914,0.0
119,1,2,-6.029693603515625,-3.622500419616699,26.26367950439453,0.0,24,115,2,2976.2636795043945,0.0784
119,1,1,-8.34979248046875,2.113100051879883,26.4185791015625,0.0,10,220,2,2976.4185791015625,0.1549
121,1,4,-6.3733978271484375,-7.642600059509277,25.953500747680664,0.0,21,42,2,3025.9535007476807,49.5349
121,1,1,-7.1020050048828125,5.277000427246094,26.23773002624512,0.0,17,277,2,3026.237730026245,0.2842
122,1,3,-8.913101196289062,-7.690299987792969,26.15604019165039,0.0,6,41,2,3051.1560401916504,24.9183
122,1,4,-8.601898193359375,5.800100326538086,26.20886993408203,0.0,8,287,2,3051.208869934082,0.0528
123,1,2,-9.122406005859377,-0.3542995452880859,26.0976791381836,0.0,5,175,2,3076.0976791381836,24.8888
123,1,1,-5.6139068603515625,-7.929100036621094,26.110700607299805,0.0,26,37,2,3076.1107006073,0.013
124,1,1,-8.984298706054688,-1.9642000198364256,26.1058292388916,0.0,6,146,2,3101.1058292388916,24.9951
124,1,2,-8.091506958007812,6.801900863647461,26.166730880737305,0.0,11,305,2,3101.1667308807373,0.0609
124,1,4,-8.640396118164062,0.0018997192382812,26.20619010925293,0.0,8,181,2,3101.206190109253,0.0395
124,1,4,-8.2073974609375,-8.038900375366211,26.267820358276367,0.0,10,35,2,3101.2678203582764,0.0616
126,1,4,-5.911300659179688,5.790500640869141,26.06705093383789,0.0,24,287,2,3151.067050933838,49.7992
126,1,2,-8.785293579101562,4.739500045776367,26.15247917175293,0.0,7,267,2,3151.152479171753,0.0854
126,1,1,-7.600799560546875,-8.005199432373047,26.25950050354004,0.0,14,36,2,3151.25950050354,0.107
127,1,2,-7.47039794921875,5.028799057006836,26.484649658203125,0.0,15,273,2,3176.484649658203,25.2251
128,1,3,-7.975799560546875,-7.75570011138916,26.20598030090332,0.0,12,40,2,3201.2059803009033,24.7213
128,1,1,-6.976593017578125,4.275299072265625,26.3522891998291,0.0,18,259,2,3201.352289199829,0.1463
128,1,3,-7.0605010986328125,4.798200607299805,26.760719299316406,0.0,17,269,2,3201.7607192993164,0.4084
130,1,3,-9.868301391601562,-4.556000232696533,26.21224975585937,0.0,0,98,2,3251.2122497558594,49.4515
131,1,1,-5.871795654296875,-8.476200103759766,25.89112091064453,0.0,25,27,2,3275.8911209106445,24.6789
131,1,4,-9.19110107421875,7.590000152587891,25.99118995666504,0.0,4,319,2,3275.991189956665,0.1001
131,1,3,-7.2834930419921875,-2.757200241088867,26.148780822753903,0.0,16,131,2,3276.148780822754,0.1576
131,1,1,-9.548202514648438,4.821599960327148,26.28296089172364,0.0,2,269,2,3276.2829608917236,0.1342
134,1,1,-5.962005615234375,-8.130399703979492,25.83445930480957,0.0,24,33,2,3350.8344593048096,74.5515
134,1,2,-7.220901489257812,-9.757299423217772,25.937219619750977,0.0,16,4,2,3350.937219619751,0.1028
134,1,1,-8.742095947265625,-5.375400066375732,26.296039581298828,0.0,7,84,2,3351.296039581299,0.3588
135,1,2,-6.74859619140625,-9.42549991607666,26.08392906188965,0.0,19,10,2,3376.0839290618896,24.7879
135,1,1,-8.374099731445312,-7.064000129699707,26.249889373779297,0.0,9,53,2,3376.2498893737793,0.166
135,1,2,-8.199798583984375,-5.33620023727417,26.253700256347656,0.0,10,84,2,3376.2537002563477,0.0038
136,1,2,-9.211395263671877,1.1766996383666992,26.03364944458008,0.0,4,203,2,3401.03364944458,24.7799
137,1,1,-8.421798706054688,-5.304100036621094,26.31133079528809,0.0,9,85,2,3426.311330795288,25.2777
138,1,1,-7.2532958984375,-5.966400146484375,26.3530502319336,0.0,16,73,2,3451.3530502319336,25.0417
139,1,1,-9.75750732421875,5.487499237060547,25.92134094238281,0.0,1,281,2,3475.921340942383,24.5683
139,1,4,-5.313507080078125,-7.042300224304199,26.0908203125,0.0,28,53,2,3476.0908203125,0.1695
139,1,4,-5.3199005126953125,-7.042099952697754,26.0908203125,0.0,28,53,2,3476.0908203125,0.0
139,1,3,-7.448104858398437,-3.869000434875488,26.13397979736328,0.0,15,111,2,3476.1339797973633,0.0432
142,1,4,-6.914398193359375,-4.760799884796143,26.08423042297364,0.0,18,95,2,3551.0842304229736,74.9503
142,1,1,-7.41650390625,4.056999206542969,26.149110794067383,0.0,15,255,2,3551.1491107940674,0.0649
143,1,3,-9.544998168945312,1.0523004531860352,26.164770126342773,0.0,2,200,2,3576.164770126343,25.0157
144,1,2,-6.36669921875,2.711000442504883,26.04665946960449,0.0,22,231,2,3601.0466594696045,24.8819
146,1,3,-9.625595092773438,3.5326004028320312,26.277210235595703,0.0,2,246,2,3651.2772102355957,50.2306
146,1,3,-9.614700317382812,3.533599853515625,26.28067970275879,0.0,2,246,2,3651.280679702759,0.0035
146,1,3,-9.614700317382812,3.533599853515625,26.28067970275879,0.0,2,246,2,3651.280679702759,0.0
146,1,3,-9.614700317382812,3.533599853515625,26.28067970275879,0.0,2,246,2,3651.280679702759,0.0
146,1,3,-9.614700317382812,3.533599853515625,26.28067970275879,0.0,2,246,2,3651.280679702759,0.0
146,1,3,-9.614700317382812,3.533599853515625,26.28067970275879,0.0,2,246,2,3651.280679702759,0.0
146,1,3,-9.614700317382812,3.533599853515625,26.28067970275879,0.0,2,246,2,3651.280679702759,0.0
150,1,1,-9.437301635742188,2.579700469970703,26.152019500732425,0.0,3,228,2,3751.1520195007324,99.8713
151,1,1,-9.386199951171877,3.0093002319335938,25.74515914916992,0.0,3,236,2,3775.74515914917,24.5931
151,1,1,-9.364593505859377,3.0257997512817383,25.74633026123047,0.0,3,236,2,3775.7463302612305,0.0012
151,1,2,-7.0608978271484375,-0.2686004638671875,25.973329544067383,0.0,17,176,2,3775.9733295440674,0.227
153,1,3,-8.157394409179688,5.590599060058594,25.82037925720215,0.0,11,283,2,3825.820379257202,49.847
153,1,1,-7.04400634765625,7.393800735473633,26.182350158691406,0.0,17,316,2,3826.1823501586914,0.362
154,1,2,-6.4387969970703125,5.697099685668945,26.091869354248047,0.0,21,285,2,3851.091869354248,24.9095
154,1,4,-6.11639404296875,1.933699607849121,26.178630828857425,0.0,23,216,2,3851.1786308288574,0.0868
155,1,3,-7.427703857421875,-6.305799961090088,25.988969802856445,0.0,15,67,2,3875.9889698028564,24.8103
155,1,2,-5.924896240234375,-3.693300247192383,26.034290313720703,0.0,24,114,2,3876.0342903137207,0.0453
155,1,2,-6.698394775390625,6.6053009033203125,26.045040130615234,0.0,20,301,2,3876.0450401306152,0.0107
156,1,4,-9.204605102539062,-5.40910005569458,26.324350357055664,0.0,4,83,2,3901.3243503570557,25.2793
158,1,3,-7.330398559570312,-4.707799911499023,26.108549118041992,0.0,16,96,2,3951.108549118042,49.7842
159,1,2,-7.7295074462890625,3.292300224304199,26.003080368041992,0.0,13,241,2,3976.003080368042,24.8945
159,1,3,-6.0189971923828125,4.491100311279297,26.01222038269043,0.0,24,263,2,3976.0122203826904,0.0091
159,1,4,-8.322402954101562,-5.902299880981445,26.014049530029297,0.0,10,74,2,3976.0140495300293,0.0018
160,1,3,-9.19940185546875,-1.148599624633789,25.99916076660156,0.0,4,160,2,4000.9991607666016,24.9851
160,1,4,-5.5742950439453125,5.128200531005859,26.183040618896484,0.0,26,275,2,4001.1830406188965,0.1839
160,1,1,-6.753997802734375,-4.878699779510498,26.354799270629883,0.0,19,93,2,4001.35479927063,0.1718
160,1,2,-5.471893310546875,4.125299453735352,28.51465034484864,0.0,27,256,2,4003.5146503448486,2.1599
161,1,2,-9.401199340820312,-8.449299812316895,26.19817924499512,0.0,3,28,2,4026.198179244995,22.6835
162,1,1,-9.256195068359377,-7.628499984741211,26.05014038085937,0.0,4,43,2,4051.0501403808594,24.852
164,1,4,-7.565597534179687,4.573299407958984,26.287960052490234,0.0,14,264,2,4101.28796005249,50.2378
164,1,1,-8.372695922851562,-2.8064002990722656,26.34449005126953,0.0,9,130,2,4101.3444900512695,0.0565
164,1,3,-5.5110931396484375,-7.4822001457214355,26.365089416503903,0.0,27,45,2,4101.365089416504,0.0206
165,1,1,-9.001495361328125,-7.40369987487793,25.99099922180176,0.0,6,47,2,4125.990999221802,24.6259
165,1,1,-9.214096069335938,0.5649003982543945,26.49492073059082,0.0,4,192,2,4126.494920730591,0.5039
166,1,2,-9.055099487304688,-8.957799911499023,26.36121940612793,0.0,5,18,2,4151.361219406128,24.8663
167,1,2,-6.788299560546875,-0.6194000244140625,26.20656967163086,0.0,19,170,2,4176.206569671631,24.8454
167,1,2,-6.7881927490234375,-0.6194000244140625,26.20656967163086,0.0,19,170,2,4176.206569671631,0.0
168,1,1,-5.258697509765625,0.519200325012207,25.972620010375977,0.0,28,191,2,4200.972620010376,24.7661
168,1,2,-8.042205810546875,0.8772001266479492,26.24612045288086,0.0,11,197,2,4201.246120452881,0.2735
170,1,3,-5.9185943603515625,-3.1745996475219727,25.93243980407715,0.0,24,124,2,4250.932439804077,49.6863
170,1,3,-9.907806396484377,4.963199615478516,26.079679489135746,0.0,0,272,2,4251.079679489136,0.1472
171,1,4,-5.263595581054688,-8.002799987792969,26.2673397064209,0.0,28,36,2,4276.267339706421,25.1877
172,1,3,-9.043792724609377,-4.5879998207092285,25.745750427246094,0.0,5,98,2,4300.745750427246,24.4784
173,1,1,-5.6053009033203125,4.041099548339844,25.999170303344727,0.0,26,255,2,4325.999170303345,25.2534
174,1,4,-6.304595947265625,-6.00570011138916,26.038089752197266,0.0,22,72,2,4351.038089752197,25.0389
174,1,2,-7.965896606445312,-6.117000102996826,29.70850944519043,0.0,12,70,2,4354.70850944519,3.6704
175,1,3,-8.718597412109375,-6.6468000411987305,25.76997947692871,0.0,7,60,2,4375.769979476929,21.0615
176,1,3,-7.30670166015625,3.274900436401367,25.88775062561035,0.0,16,241,2,4400.88775062561,25.1178
176,1,1,-7.2548980712890625,6.030300140380859,25.89244079589844,0.0,16,291,2,4400.892440795898,0.0047
176,1,2,-7.8267059326171875,6.867799758911133,26.04697036743164,0.0,13,306,2,4401.046970367432,0.1545
176,1,2,-8.061492919921875,2.576899528503418,26.12981986999512,0.0,11,228,2,4401.129819869995,0.0828
177,1,3,-6.453903198242188,-7.7870001792907715,26.19445037841797,0.0,21,40,2,4426.194450378418,25.0646
177,1,3,-9.6466064453125,-7.882999897003174,26.40753936767578,0.0,2,38,2,4426.407539367676,0.2131
178,1,1,-5.41180419921875,-7.530099868774414,26.09276962280273,0.0,27,44,2,4451.092769622803,24.6852
179,1,3,-8.144607543945312,3.562999725341797,26.080810546875,0.0,11,246,2,4476.080810546875,24.988
179,1,4,-6.248992919921875,-6.987800121307373,26.102970123291016,0.0,22,54,2,4476.102970123291,0.0222
179,1,4,-7.141693115234375,6.976900100708008,26.10388946533203,0.0,17,308,2,4476.103889465332,0.0009
180,1,1,-6.7126007080078125,-2.5291004180908203,25.76873016357422,0.0,19,135,2,4500.768730163574,24.6648
180,1,1,-9.738296508789062,-6.528600215911865,25.85408973693848,0.0,1,63,2,4500.8540897369385,0.0854
180,1,1,-6.218902587890625,1.1015996932983398,25.91585922241211,0.0,22,201,2,4500.915859222412,0.0618
180,1,1,-5.8115997314453125,-0.5138998031616211,26.34505081176757,0.0,25,172,2,4501.345050811768,0.4292
181,1,2,-8.139007568359375,-5.434100151062012,25.97632026672364,0.0,11,83,2,4525.976320266724,24.6313
181,1,2,-8.134201049804688,-5.433599948883057,25.97632026672364,0.0,11,83,2,4525.976320266724,0.0
181,1,1,-6.645904541015625,-9.110099792480469,26.388240814208984,0.0,20,16,2,4526.388240814209,0.4119
182,1,2,-8.220001220703125,-6.64139986038208,26.237110137939453,0.0,10,61,2,4551.237110137939,24.8489
182,1,4,-5.7447052001953125,-6.235700130462647,27.64952087402344,0.0,25,68,2,4552.649520874023,1.4124
184,1,4,-8.3363037109375,0.6367998123168945,26.27075958251953,0.0,10,193,2,4601.2707595825195,48.6212
184,1,2,-9.769607543945312,-1.5888996124267578,26.30373954772949,0.0,1,152,2,4601.3037395477295,0.033
185,1,3,-6.8860931396484375,-2.0749998092651367,25.916259765625,0.0,18,144,2,4625.916259765625,24.6125
185,1,4,-6.53900146484375,-0.7351999282836914,26.110809326171875,0.0,20,168,2,4626.110809326172,0.1945
185,1,1,-8.721099853515625,2.4188003540039062,26.154279708862305,0.0,7,225,2,4626.154279708862,0.0435
186,1,1,-6.600799560546875,-2.8952999114990234,26.024150848388672,0.0,20,129,2,4651.024150848389,24.8699
186,1,1,-9.799697875976562,-6.9679999351501465,26.112060546875,0.0,1,55,2,4651.112060546875,0.0879
186,1,4,-6.61279296875,-1.8847999572753904,26.244110107421875,0.0,20,147,2,4651.244110107422,0.132
186,1,2,-8.36700439453125,-2.3697004318237305,28.235620498657227,0.0,9,138,2,4653.235620498657,1.9915
186,1,4,-8.960006713867188,0.5371999740600586,32.00624084472656,0.0,6,191,2,4657.006240844727,3.7706
187,1,4,-6.57000732421875,5.966299057006836,26.23554039001465,0.0,20,290,2,4676.235540390015,19.2293
188,1,2,-6.6898040771484375,-4.351399898529053,26.044139862060547,0.0,20,102,2,4701.044139862061,24.8086
189,1,1,-7.916107177734375,-7.896599769592285,26.182079315185547,0.0,12,38,2,4726.182079315186,25.1379
190,1,4,-7.7559051513671875,-1.1017999649047852,26.440719604492188,0.0,13,161,2,4751.440719604492,25.2586
191,1,2,-7.90460205078125,-3.92039966583252,25.908910751342773,0.0,12,110,2,4775.908910751343,24.4682
192,1,4,-7.246307373046875,-0.5051002502441406,26.26923942565918,0.0,16,172,2,4801.269239425659,25.3603
192,1,4,-9.548599243164062,-2.9584999084472656,26.334869384765625,0.0,2,128,2,4801.334869384766,0.0656
193,1,2,-5.74639892578125,4.788600921630859,25.83268928527832,0.0,25,268,2,4825.832689285278,24.4978
193,1,2,-6.8054962158203125,-4.793399810791016,25.92108917236328,0.0,19,94,2,4825.921089172363,0.0884
193,1,3,-8.83489990234375,-5.506700038909912,26.17169952392578,0.0,7,81,2,4826.171699523926,0.2506
193,1,1,-5.9322052001953125,3.347100257873535,26.29616928100586,0.0,24,242,2,4826.296169281006,0.1245
195,1,1,-9.128097534179688,-2.985799789428711,25.923139572143555,0.0,5,127,2,4875.923139572144,49.627
195,1,3,-7.03570556640625,3.0141000747680664,26.062519073486328,0.0,17,236,2,4876.062519073486,0.1394
196,1,3,-9.17559814453125,-7.401000022888184,26.20591926574707,0.0,4,47,2,4901.205919265747,25.1434
196,1,2,-8.639999389648438,-9.218299865722656,26.210039138793945,0.0,8,14,2,4901.210039138794,0.0041
197,1,2,-6.091400146484375,7.032899856567383,26.484230041503903,0.0,23,309,2,4926.484230041504,25.2742
199,1,2,-5.46240234375,-1.838199615478516,25.71113014221192,0.0,27,148,2,4975.711130142212,49.2269
199,1,2,-7.957901000976562,-6.110499858856201,26.832000732421875,0.0,12,70,2,4976.832000732422,1.1209
200,1,2,-5.43780517578125,-5.531300067901611,25.68515968322754,0.0,27,81,2,5000.6851596832275,23.8532
200,1,1,-7.92340087890625,-9.141599655151367,26.15155982971192,0.0,12,15,2,5001.151559829712,0.4664
200,1,2,-6.4868927001953125,-8.030900001525879,26.22365951538086,0.0,21,35,2,5001.223659515381,0.0721
200,1,3,-7.47869873046875,-4.046000003814697,27.910919189453125,0.0,15,108,2,5002.910919189453,1.6873
202,1,2,-5.962799072265625,-0.4014997482299804,25.98335075378418,0.0,24,174,2,5050.983350753784,48.0724
203,1,4,-6.529998779296875,-0.2087001800537109,26.00214958190918,0.0,21,178,2,5076.002149581909,25.0188
207,1,2,-8.1072998046875,3.982399940490722,26.10280990600586,0.0,11,254,2,5176.102809906006,100.1007
207,1,1,-9.85809326171875,6.427900314331055,26.2091007232666,0.0,0,298,2,5176.209100723267,0.1063
208,1,1,-6.200698852539063,3.667799949645996,26.142990112304688,0.0,23,248,2,5201.142990112305,24.9339
208,1,3,-6.3074951171875,-8.849100112915039,26.350830078125,0.0,22,20,2,5201.350830078125,0.2078
210,1,3,-7.083297729492188,-7.731200218200684,26.37471008300781,0.0,17,41,2,5251.374710083008,50.0239
211,1,3,-5.708999633789063,2.524499893188477,26.205400466918945,0.0,26,227,2,5276.205400466919,24.8307
213,1,4,-7.4795074462890625,-8.31190013885498,26.03265953063965,0.0,15,30,2,5326.03265953064,49.8273
213,1,2,-7.3258056640625,-1.0888004302978516,26.140769958496094,0.0,16,162,2,5326.140769958496,0.1081
213,1,3,-7.313507080078125,2.1791000366210938,26.38570976257324,0.0,16,221,2,5326.385709762573,0.2449
214,1,1,-5.832794189453125,2.8582000732421875,26.15818977355957,0.0,25,233,2,5351.15818977356,24.7725
214,1,1,-7.0738067626953125,-7.190000057220459,26.219839096069336,0.0,17,51,2,5351.219839096069,0.0616
214,1,2,-9.608993530273438,-3.079500198364258,26.26033973693848,0.0,2,125,2,5351.2603397369385,0.0405
215,1,4,-5.9810943603515625,-1.229999542236328,26.410789489746094,0.0,24,159,2,5376.410789489746,25.1504
216,1,3,-6.971099853515625,3.973400115966797,26.13417053222656,0.0,18,254,2,5401.134170532227,24.7234
216,1,1,-9.965896606445312,6.950599670410156,26.27176094055176,0.0,0,308,2,5401.271760940552,0.1376
219,1,4,-8.921600341796875,6.051200866699219,26.12014961242676,0.0,6,291,2,5476.120149612427,74.8484
219,1,1,-6.6676025390625,2.5429000854492188,26.137609481811523,0.0,20,228,2,5476.1376094818115,0.0175
219,1,3,-9.994293212890623,6.151800155639648,26.293949127197266,0.0,0,293,2,5476.293949127197,0.1563
221,1,1,-7.9936981201171875,-4.44890022277832,26.079090118408203,0.0,12,100,2,5526.079090118408,49.7851
221,1,4,-6.3928070068359375,-9.063499450683594,26.172250747680664,0.0,21,17,2,5526.172250747681,0.0932
221,1,4,-6.255294799804688,-5.6528000831604,26.333499908447266,0.0,22,79,2,5526.333499908447,0.1612
221,1,1,-8.545196533203125,-0.1659002304077148,26.36952018737793,0.0,8,178,2,5526.369520187378,0.036
223,1,3,-8.167205810546875,5.909299850463867,25.947799682617188,0.0,11,289,2,5575.947799682617,49.5783
223,1,1,-5.502700805664063,-9.01099967956543,26.229190826416016,0.0,27,17,2,5576.229190826416,0.2814
224,1,4,-7.60870361328125,0.8451995849609375,25.97233963012696,0.0,14,197,2,5600.972339630127,24.7431
226,1,4,-5.867401123046875,0.4321002960205078,26.272850036621094,0.0,25,189,2,5651.272850036621,50.3005
226,1,2,-7.8372039794921875,-6.823800086975098,26.329540252685547,0.0,13,57,2,5651.329540252686,0.0567
228,1,1,-6.3105010986328125,-9.877900123596191,25.96394920349121,0.0,22,2,2,5700.963949203491,49.6344
228,1,2,-6.492599487304688,0.3677997589111328,26.277650833129883,0.0,21,188,2,5701.27765083313,0.3137
228,1,4,-8.08770751953125,-6.564300060272217,26.278379440307617,0.0,11,62,2,5701.278379440308,0.0007
228,1,1,-8.2958984375,-1.4286003112792969,26.35102081298828,0.0,10,155,2,5701.351020812988,0.0726
230,1,1,-9.324203491210938,-7.923900127410889,26.025840759277344,0.0,4,37,2,5751.025840759277,49.6748
230,1,4,-6.292892456054688,-5.992700099945068,26.14339065551757,0.0,22,72,2,5751.143390655518,0.1175
230,1,3,-5.9058990478515625,2.692399978637696,26.256410598754883,0.0,24,230,2,5751.256410598755,0.113
231,1,4,-6.448394775390625,3.504500389099121,25.907529830932617,0.0,21,245,2,5775.907529830933,24.6511
231,1,1,-8.72369384765625,0.5722999572753906,25.966169357299805,0.0,7,192,2,5775.9661693573,0.0586
233,1,3,-7.1920013427734375,7.550500869750977,26.03582000732422,0.0,17,319,2,5826.035820007324,50.0697
236,1,2,-5.455596923828125,6.587299346923828,26.13324928283692,0.0,27,301,2,5901.133249282837,75.0974
237,1,1,-8.019500732421875,-7.18779993057251,25.69621086120605,0.0,12,51,2,5925.696210861206,24.563
237,1,2,-9.927902221679688,-1.329999923706055,25.86113929748535,0.0,0,157,2,5925.861139297485,0.1649
237,1,1,-9.508499145507812,-4.170499801635742,26.358030319213867,0.0,2,105,2,5926.358030319214,0.4969
238,1,4,-5.664306640625,-8.59630012512207,25.880659103393555,0.0,26,25,2,5950.880659103394,24.5226
238,1,3,-7.375595092773437,-5.881400108337402,26.069799423217773,0.0,15,74,2,5951.069799423218,0.1891
239,1,4,-6.5677032470703125,4.764900207519531,26.348840713500977,0.0,20,268,2,5976.348840713501,25.279
242,1,4,-9.68310546875,-2.430999755859375,25.81852912902832,0.0,1,137,2,6050.818529129028,74.4697
243,1,1,-6.0724945068359375,-4.569499969482422,26.112329483032227,0.0,23,98,2,6076.112329483032,25.2938
243,1,4,-6.394195556640625,-8.390199661254883,26.29438018798828,0.0,21,29,2,6076.294380187988,0.1821
243,1,4,-7.2819976806640625,-8.549799919128418,26.295129776000977,0.0,16,26,2,6076.295129776001,0.0007
244,1,2,-6.7738037109375,-2.875699996948242,25.94343948364257,0.0,19,129,2,6100.943439483643,24.6483
244,1,2,-7.2196044921875,-5.707799911499023,26.178390502929688,0.0,16,78,2,6101.17839050293,0.235
244,1,2,-8.356002807617188,-8.338899612426758,26.7460994720459,0.0,9,30,2,6101.746099472046,0.5677
246,1,1,-7.8256988525390625,5.947099685668945,26.32025909423828,0.0,13,289,2,6151.320259094238,49.5742
246,1,2,-5.990997314453125,-1.2173004150390625,26.330799102783203,0.0,24,159,2,6151.330799102783,0.0105
247,1,4,-7.2194976806640625,2.8527002334594727,26.129610061645508,0.0,16,233,2,6176.1296100616455,24.7988
247,1,3,-7.55450439453125,-0.2307996749877929,26.140039443969727,0.0,14,177,2,6176.14003944397,0.0104
247,1,4,-8.557296752929688,-7.177499771118164,26.18757057189941,0.0,8,51,2,6176.187570571899,0.0475
247,1,1,-7.486602783203125,-4.197000026702881,26.20322036743164,0.0,15,105,2,6176.203220367432,0.0156
247,1,3,-5.229293823242188,-7.152699947357178,26.203569412231445,0.0,28,51,2,6176.203569412231,0.0003
248,1,1,-7.184600830078125,-5.228700160980225,26.1943302154541,0.0,17,86,2,6201.194330215454,24.9908
248,1,1,-7.47149658203125,-4.729100227355957,30.73855972290039,0.0,15,95,2,6205.7385597229,4.5442
249,1,3,-8.5498046875,-6.90910005569458,26.026710510253903,0.0,8,56,2,6226.026710510254,20.2882
249,1,1,-9.332305908203123,-4.734399795532227,26.19248962402344,0.0,4,95,2,6226.192489624023,0.1658
250,1,1,-8.096893310546875,5.317899703979492,25.989749908447266,0.0,11,278,2,6250.989749908447,24.7973
250,1,1,-8.2366943359375,-7.521900177001953,26.18096923828125,0.0,10,45,2,6251.180969238281,0.1912
250,1,3,-7.726394653320312,-8.85200023651123,26.284439086914062,0.0,13,20,2,6251.284439086914,0.1035
251,1,1,-8.47509765625,-8.353500366210938,26.048229217529297,0.0,9,29,2,6276.048229217529,24.7638
251,1,4,-9.533203125,5.538400650024414,26.16719055175781,0.0,2,282,2,6276.167190551758,0.119
252,1,4,-9.00689697265625,2.793600082397461,26.16781044006348,0.0,6,232,2,6301.1678104400635,25.0006
253,1,1,-8.2091064453125,-3.4406003952026367,26.150020599365234,0.0,10,119,2,6326.150020599365,24.9822
254,1,4,-6.002700805664063,-9.943699836730955,26.146669387817383,0.0,24,1,2,6351.146669387817,24.9966
256,1,2,-6.2733001708984375,-2.111499786376953,27.733789443969727,0.0,22,143,2,6402.73378944397,51.5871
258,1,4,-7.562698364257812,-4.0584001541137695,26.03329086303711,0.0,14,108,2,6451.033290863037,48.2995
258,1,3,-9.584503173828123,1.075200080871582,26.21637916564941,0.0,2,201,2,6451.216379165649,0.1831
259,1,4,-8.263198852539062,6.368799209594727,25.86988067626953,0.0,10,297,2,6475.8698806762695,24.6535
259,1,3,-6.7722930908203125,5.228700637817383,26.328800201416016,0.0,19,276,2,6476.328800201416,0.4589
259,1,4,-6.375503540039063,0.0110998153686523,27.10832023620605,0.0,21,182,2,6477.108320236206,0.7795
261,1,3,-6.268600463867188,1.022700309753418,26.1389102935791,0.0,22,200,2,6526.138910293579,49.0306
261,1,2,-8.425994873046875,5.75309944152832,26.24530029296875,0.0,9,286,2,6526.245300292969,0.1064
261,1,4,-6.068893432617188,-7.73769998550415,26.299579620361328,0.0,23,41,2,6526.299579620361,0.0543
262,1,3,-5.897994995117188,-6.30679988861084,26.211389541625977,0.0,24,67,2,6551.211389541626,24.9118
262,1,2,-6.62860107421875,5.742300033569336,26.25943946838379,0.0,20,286,2,6551.259439468384,0.048
263,1,1,-7.553298950195312,1.2832002639770508,26.16502952575684,0.0,14,205,2,6576.165029525757,24.9056
263,1,2,-5.5514068603515625,-4.825099945068359,26.47858047485352,0.0,26,94,2,6576.4785804748535,0.3136
264,1,2,-6.421401977539063,-9.702199935913086,25.84741973876953,0.0,21,5,2,6600.8474197387695,24.3688
264,1,2,-6.431304931640625,-9.721400260925291,25.84741973876953,0.0,21,5,2,6600.8474197387695,0.0
264,1,1,-9.876007080078123,-9.914199829101562,26.16700935363769,0.0,0,1,2,6601.167009353638,0.3196
265,1,4,-6.589599609375,-7.133399963378906,26.043359756469727,0.0,20,52,2,6626.04335975647,24.8764
266,1,3,-8.144195556640625,-9.103699684143066,26.008310317993164,0.0,11,16,2,6651.008310317993,24.965
267,1,3,-8.77740478515625,-9.511499404907228,26.02131080627441,0.0,7,8,2,6676.021310806274,25.013
267,1,3,-9.90020751953125,0.6883001327514648,26.05820083618164,0.0,0,194,2,6676.058200836182,0.0369
267,1,2,-6.945404052734375,1.3269996643066406,26.409299850463867,0.0,18,205,2,6676.409299850464,0.3511
269,1,1,-9.314605712890623,2.878700256347656,25.870460510253903,0.0,4,234,2,6725.870460510254,49.4612
270,1,4,-9.337005615234377,7.002199172973633,26.11964988708496,0.0,4,309,2,6751.119649887085,25.2492
270,1,2,-6.490203857421875,-9.964200019836426,26.30084991455078,0.0,21,0,2,6751.300849914551,0.1812
271,1,3,-6.249298095703125,1.8786001205444336,26.26593017578125,0.0,22,215,2,6776.265930175781,24.9651
271,1,3,-9.664306640625,-1.6961002349853516,26.272329330444336,0.0,2,150,2,6776.272329330444,0.0064
271,1,2,-9.650497436523438,4.682399749755859,26.277549743652344,0.0,2,266,2,6776.277549743652,0.0052
271,1,3,-7.343399047851562,7.31410026550293,28.585769653320312,0.0,16,314,2,6778.58576965332,2.3082
274,1,1,-7.97979736328125,0.5200996398925781,25.982580184936523,0.0,12,191,2,6850.9825801849365,72.3968
274,1,2,-8.728607177734375,-4.162099838256836,26.17417907714844,0.0,7,106,2,6851.174179077148,0.1916
275,1,3,-7.520095825195312,-4.7083001136779785,25.93943977355957,0.0,15,96,2,6875.93943977356,24.7653
275,1,2,-6.618698120117188,-6.106299877166748,25.94632911682129,0.0,20,70,2,6875.946329116821,0.0069
275,1,1,-9.73980712890625,5.3628997802734375,26.043859481811523,0.0,1,279,2,6876.0438594818115,0.0975
275,1,2,-5.309494018554688,2.200699806213379,31.789560317993164,0.0,28,221,2,6881.789560317993,5.7457
276,1,1,-8.908096313476562,-0.2822999954223633,26.145620346069336,0.0,6,176,2,6901.145620346069,19.3561
276,1,1,-6.9871978759765625,-9.768699645996094,26.555570602416992,0.0,18,4,2,6901.555570602417,0.41
276,1,4,-5.981704711914063,0.3042001724243164,26.557680130004883,0.0,24,187,2,6901.557680130005,0.0021
277,1,2,-9.520294189453123,-5.498199939727783,26.221080780029297,0.0,2,81,2,6926.221080780029,24.6634
277,1,4,-7.099700927734375,-8.343299865722656,26.55154037475586,0.0,17,30,2,6926.551540374756,0.3305
277,1,4,-6.985992431640625,-8.331000328063965,27.305280685424805,0.0,18,30,2,6927.305280685425,0.7537
278,1,3,-7.1641998291015625,1.2812004089355469,28.372589111328125,0.0,17,205,2,6953.372589111328,26.0673
279,1,3,-8.656906127929688,-3.2258996963500977,25.917110443115234,0.0,8,123,2,6975.917110443115,22.5445
281,1,1,-5.45599365234375,-1.3034000396728516,26.133989334106445,0.0,27,158,2,7026.133989334106,50.2169
282,1,2,-9.387405395507812,-6.704400062561035,26.22648048400879,0.0,3,59,2,7051.226480484009,25.0925
283,1,2,-5.843994140625,-4.05649995803833,26.09139060974121,0.0,25,108,2,7076.091390609741,24.8649
285,1,2,-6.95050048828125,-0.1603002548217773,26.1067008972168,0.0,18,178,2,7126.106700897217,50.0153
285,1,2,-7.970001220703125,-2.342900276184082,30.608030319213867,0.0,12,139,2,7130.608030319214,4.5013
285,1,2,-7.546798706054687,-1.939800262451172,30.611909866333008,0.0,14,146,2,7130.611909866333,0.0039
286,1,1,-9.492904663085938,-6.783899784088135,29.108379364013672,0.0,3,58,2,7154.108379364014,23.4965
288,1,4,-8.639694213867188,-0.2824001312255859,26.01000022888184,0.0,8,176,2,7201.010000228882,46.9016
290,1,4,-7.820404052734375,-0.8982000350952148,25.9951400756836,0.0,13,165,2,7250.995140075684,49.9851
291,1,2,-9.9114990234375,-9.203800201416016,25.74781990051269,0.0,0,14,2,7275.747819900513,24.7527
291,1,3,-8.054000854492188,-1.1773996353149414,26.164440155029297,0.0,11,160,2,7276.164440155029,0.4166
292,1,1,-7.1266021728515625,7.349199295043945,25.87424087524414,0.0,17,315,2,7300.874240875244,24.7098
292,1,3,-6.6826934814453125,-4.03380012512207,26.39731979370117,0.0,20,108,2,7301.397319793701,0.5231
293,1,3,-6.679000854492188,-7.312099933624268,26.05640983581543,0.0,20,48,2,7326.056409835815,24.6591
293,1,3,-9.44219970703125,-7.894899845123291,26.19024085998535,0.0,3,38,2,7326.190240859985,0.1338
293,1,4,-5.402603149414063,5.608299255371094,26.19869041442871,0.0,27,283,2,7326.198690414429,0.0084
294,1,3,-7.22430419921875,-9.406200408935549,25.962099075317383,0.0,16,10,2,7350.962099075317,24.7634
295,1,3,-9.304092407226562,-1.567399978637695,26.08411026000977,0.0,4,153,2,7376.08411026001,25.122
295,1,3,-6.304000854492188,3.381799697875977,26.21241950988769,0.0,22,243,2,7376.212419509888,0.1283
295,1,3,-6.298797607421875,3.381899833679199,26.21265983581543,0.0,22,243,2,7376.212659835815,0.0002
295,1,3,-8.033905029296875,-4.449100017547607,26.26556968688965,0.0,11,100,2,7376.26556968689,0.0529
295,1,3,-5.96820068359375,3.9153003692626953,26.631999969482425,0.0,24,253,2,7376.631999969482,0.3664
295,1,2,-7.514007568359375,1.2783002853393557,33.104148864746094,0.0,15,205,2,7383.104148864746,6.4721
296,1,1,-5.363494873046875,6.896799087524414,26.15057945251465,0.0,28,307,2,7401.150579452515,18.0464
296,1,3,-6.57940673828125,3.9511003494262695,26.1981201171875,0.0,20,253,2,7401.1981201171875,0.0475
296,1,1,-6.90069580078125,-7.014200210571289,26.24884986877441,0.0,18,54,2,7401.248849868774,0.0507
296,1,4,-9.785507202148438,-6.9166998863220215,26.284019470214844,0.0,1,56,2,7401.284019470215,0.0352
297,1,1,-7.425704956054687,7.57080078125,26.13188934326172,0.0,15,319,2,7426.131889343262,24.8479
297,1,2,-6.42010498046875,-5.132500171661377,26.2514591217041,0.0,21,88,2,7426.251459121704,0.1196
297,1,2,-6.7716064453125,2.974100112915039,26.28336906433105,0.0,19,235,2,7426.283369064331,0.0319
298,1,1,-8.543701171875,0.5629997253417969,25.9764404296875,0.0,8,192,2,7450.9764404296875,24.6931
300,1,2,-5.804000854492188,1.1577997207641602,26.148590087890625,0.0,25,202,2,7501.148590087891,50.1721
300,1,1,-8.979904174804688,-2.803099632263184,26.31761932373047,0.0,6,130,2,7501.3176193237305,0.169
301,1,1,-9.371200561523438,0.0050001144409179,25.87027931213379,0.0,3,181,2,7525.870279312134,24.5527
301,1,3,-9.561798095703123,0.1058998107910156,25.959659576416016,0.0,2,183,2,7525.959659576416,0.0894
301,1,2,-8.9866943359375,-8.225099563598633,26.03487014770508,0.0,6,32,2,7526.034870147705,0.0752
301,1,2,-5.582199096679688,-4.597799777984619,26.355960845947266,0.0,26,98,2,7526.355960845947,0.3211
301,1,1,-8.995407104492188,0.261199951171875,26.37471008300781,0.0,6,186,2,7526.374710083008,0.0187
301,1,3,-5.961593627929688,6.761800765991211,26.598960876464844,0.0,24,304,2,7526.598960876465,0.2243
302,1,4,-7.940505981445312,-6.434700012207031,26.305009841918945,0.0,12,64,2,7551.305009841919,24.706
303,1,1,-7.192794799804688,-2.880499839782715,26.04323959350586,0.0,17,129,2,7576.043239593506,24.7382
303,1,1,-9.816299438476562,-2.0137996673583984,26.092300415039062,0.0,1,145,2,7576.092300415039,0.0491
304,1,4,-5.869400024414063,-3.0464000701904297,26.122249603271484,0.0,25,126,2,7601.1222496032715,25.0299
304,1,4,-6.1147003173828125,1.0747003555297852,26.172569274902344,0.0,23,201,2,7601.172569274902,0.0503
304,1,3,-6.022796630859375,-5.186100006103516,26.219030380249023,0.0,24,87,2,7601.219030380249,0.0465
304,1,3,-7.256103515625,3.538999557495117,26.235570907592773,0.0,16,246,2,7601.235570907593,0.0165
305,1,3,-5.878204345703125,-5.572999954223633,26.067609786987305,0.0,24,80,2,7626.067609786987,24.832
309,1,2,-7.7808074951171875,-1.564499855041504,26.130340576171875,0.0,13,153,2,7726.130340576172,100.0627
310,1,1,-9.908493041992188,5.821100234985352,25.99665069580078,0.0,0,287,2,7750.996650695801,24.8663
310,1,2,-5.6649932861328125,0.5834999084472656,26.03734016418457,0.0,26,192,2,7751.037340164185,0.0407
311,1,4,-9.870697021484377,-6.581200122833252,25.912250518798828,0.0,0,62,2,7775.912250518799,24.8749
312,1,1,-5.6116943359375,5.397100448608398,26.315549850463867,0.0,26,279,2,7801.315549850464,25.4033
313,1,3,-6.9474945068359375,-7.656499862670898,25.9384708404541,0.0,18,42,2,7825.938470840454,24.6229
313,1,1,-9.600006103515623,-3.111499786376953,26.29034996032715,0.0,2,125,2,7826.290349960327,0.3519
314,1,3,-7.204193115234375,-4.607100009918213,26.12550926208496,0.0,16,98,2,7851.125509262085,24.8352
314,1,1,-9.51519775390625,5.805500030517578,26.3259391784668,0.0,2,287,2,7851.325939178467,0.2004
314,1,3,-8.601898193359375,-9.762300491333008,26.333620071411133,0.0,8,4,2,7851.333620071411,0.0077
318,1,4,-7.337600708007812,0.3025999069213867,25.62568092346192,0.0,16,187,2,7950.625680923462,99.2921
318,1,1,-5.918792724609375,5.134899139404297,26.05401992797852,0.0,24,275,2,7951.0540199279785,0.4283
319,1,1,-8.022903442382812,3.4095001220703125,26.12858963012696,0.0,11,243,2,7976.128589630127,25.0746
319,1,4,-7.778396606445312,-0.0708999633789062,26.39776992797852,0.0,13,180,2,7976.3977699279785,0.2692
320,1,2,-5.9983978271484375,4.076299667358398,26.235349655151367,0.0,24,255,2,8001.235349655151,24.8376
320,1,1,-5.746307373046875,-4.778299808502197,26.403589248657227,0.0,25,94,2,8001.403589248657,0.1682
321,1,3,-7.52520751953125,6.149099349975586,26.122840881347656,0.0,14,293,2,8026.122840881348,24.7193
324,1,2,-9.024093627929688,-8.280200004577637,25.94465065002441,0.0,5,31,2,8100.944650650024,74.8218
324,1,3,-9.910797119140623,-5.260499954223633,26.140199661254883,0.0,0,86,2,8101.140199661255,0.1955
324,1,2,-9.556106567382812,-2.1090002059936523,26.17391014099121,0.0,2,143,2,8101.173910140991,0.0337
325,1,4,-7.5644989013671875,-0.2031002044677734,26.06164932250977,0.0,14,178,2,8126.06164932251,24.8877
327,1,3,-7.667892456054687,-4.143799781799316,25.957090377807617,0.0,14,106,2,8175.957090377808,49.8954
328,1,4,-7.9723968505859375,5.0391998291015625,26.15233993530273,0.0,12,273,2,8201.152339935303,25.1952
328,1,2,-9.128204345703123,5.116600036621094,26.227689743041992,0.0,5,274,2,8201.227689743042,0.0753
328,1,4,-7.577392578125,-3.4406003952026367,26.311880111694336,0.0,14,119,2,8201.311880111694,0.0842
329,1,1,-9.68890380859375,-9.497600555419922,26.640369415283203,0.0,1,9,2,8226.640369415283,25.3285
330,1,2,-7.1244964599609375,0.6037998199462891,26.150829315185547,0.0,17,192,2,8251.150829315186,24.5105
331,1,4,-6.716094970703125,-3.3002004623413086,26.272560119628903,0.0,19,121,2,8276.272560119629,25.1217
332,1,4,-5.2584991455078125,-3.922100067138672,26.14925003051757,0.0,28,110,2,8301.149250030518,24.8767
332,1,4,-7.657394409179687,-0.2686004638671875,26.307870864868164,0.0,14,176,2,8301.307870864868,0.1586
332,1,3,-7.2527008056640625,1.389699935913086,26.413389205932617,0.0,16,207,2,8301.413389205933,0.1055
334,1,2,-8.122406005859375,5.184299468994141,26.35968017578125,0.0,11,276,2,8351.359680175781,49.9463
336,1,4,-7.9311065673828125,-0.8607997894287109,28.14109992980957,0.0,12,166,2,8403.14109992981,51.7814
338,1,2,-8.56280517578125,-8.29990005493164,26.12421989440918,0.0,8,30,2,8451.12421989441,47.9831
338,1,4,-8.381301879882812,-0.7293996810913086,26.20182991027832,0.0,9,168,2,8451.201829910278,0.0776
338,1,4,-5.526702880859375,-4.35860013961792,26.31567001342773,0.0,27,102,2,8451.315670013428,0.1138
339,1,4,-5.4170989990234375,-3.1143999099731445,26.80879020690918,0.0,27,125,2,8476.80879020691,25.4931
340,1,1,-5.5160980224609375,-3.964200019836426,25.77996063232422,0.0,27,109,2,8500.779960632324,23.9712
340,1,1,-6.4167022705078125,-5.946199893951416,25.780000686645508,0.0,21,73,2,8500.780000686646,0.0
340,1,1,-6.890106201171875,-4.468200206756592,25.78009986877441,0.0,18,100,2,8500.780099868774,0.0001
340,1,1,-6.2451934814453125,-1.7757997512817385,25.780820846557617,0.0,22,149,2,8500.780820846558,0.0007
340,1,4,-8.375701904296875,-2.55210018157959,25.961259841918945,0.0,9,135,2,8500.961259841919,0.1804
341,1,3,-6.0193939208984375,-7.786300182342529,26.24881935119629,0.0,24,40,2,8526.248819351196,25.2876
341,1,3,-6.24090576171875,1.88700008392334,26.282560348510746,0.0,22,216,2,8526.28256034851,0.0337
342,1,4,-8.7904052734375,2.8115997314453125,26.011680603027344,0.0,7,232,2,8551.011680603027,24.7291
342,1,4,-9.749801635742188,4.083499908447266,26.321020126342773,0.0,1,256,2,8551.321020126343,0.3093
342,1,4,-6.9557952880859375,-5.139400005340576,26.32146072387696,0.0,18,88,2,8551.321460723877,0.0004
345,1,1,-6.500701904296875,4.759700775146484,26.22200965881348,0.0,21,268,2,8626.222009658813,74.9005
346,1,1,-8.598297119140625,-4.073500156402588,26.39653968811035,0.0,8,107,2,8651.39653968811,25.1745
346,1,2,-5.53179931640625,6.155099868774414,26.67564010620117,0.0,27,293,2,8651.675640106201,0.2791
347,1,3,-7.45599365234375,4.857799530029297,25.97382926940918,0.0,15,270,2,8675.97382926941,24.2982
347,1,2,-7.731292724609375,6.832700729370117,26.185489654541016,0.0,13,306,2,8676.185489654541,0.2117
347,1,1,-8.042098999023438,2.896200180053711,26.21858024597168,0.0,11,234,2,8676.218580245972,0.0331
348,1,2,-7.690093994140625,-8.79699993133545,26.22784996032715,0.0,13,21,2,8701.227849960327,25.0093
349,1,4,-7.93170166015625,-9.87540054321289,26.027219772338867,0.0,12,2,2,8726.027219772339,24.7994
350,1,3,-6.461700439453125,-7.863800048828125,26.345060348510746,0.0,21,38,2,8751.34506034851,25.3178
351,1,2,-5.41119384765625,0.3929004669189453,26.202049255371094,0.0,27,188,2,8776.202049255371,24.857
353,1,4,-8.727401733398438,-7.52209997177124,26.350080490112305,0.0,7,45,2,8826.350080490112,50.148
355,1,4,-6.9434967041015625,-7.875500202178955,25.72105026245117,0.0,18,38,2,8875.721050262451,49.371
355,1,1,-9.636505126953123,-5.110700130462647,25.72640991210937,0.0,2,88,2,8875.72640991211,0.0054
355,1,3,-6.58380126953125,-7.934800148010254,26.2225399017334,0.0,20,37,2,8876.222539901733,0.4961
355,1,4,-7.810699462890625,3.372799873352051,26.28916931152344,0.0,13,243,2,8876.289169311523,0.0666
356,1,3,-5.5626983642578125,7.243099212646484,26.534780502319336,0.0,26,313,2,8901.53478050232,25.2456
357,1,3,-8.229202270507812,3.7536001205444336,25.950759887695312,0.0,10,250,2,8925.950759887695,24.416
357,1,3,-7.547393798828125,3.59939956665039,25.95083999633789,0.0,14,247,2,8925.950839996338,0.0001
357,1,2,-6.318893432617188,-9.72439956665039,26.0887508392334,0.0,22,5,2,8926.088750839233,0.1379
357,1,4,-7.695693969726562,-2.9052000045776367,26.19754981994629,0.0,13,128,2,8926.197549819946,0.1088
358,1,3,-6.2012939453125,-3.221599578857422,26.126689910888672,0.0,23,123,2,8951.126689910889,24.9291
359,1,1,-5.8495025634765625,-6.231200218200684,25.897010803222656,0.0,25,68,2,8975.897010803223,24.7703
359,1,3,-7.809402465820312,-8.598299980163574,26.032520294189453,0.0,13,25,2,8976.03252029419,0.1355
359,1,4,-7.355499267578125,2.7062997817993164,26.302459716796875,0.0,16,231,2,8976.302459716797,0.2699
360,1,4,-7.514404296875,-4.269000053405762,26.188270568847656,0.0,15,104,2,9001.188270568848,24.8858
361,1,2,-9.0758056640625,-2.083399772644043,26.24601936340332,0.0,5,143,2,9026.246019363403,25.0577
363,1,3,-9.546798706054688,-2.9347000122070312,26.00098991394043,0.0,2,128,2,9076.00098991394,49.755
363,1,2,-5.960601806640625,-9.13640022277832,26.200830459594727,0.0,24,15,2,9076.200830459595,0.1998
364,1,4,-8.215606689453125,-4.662899971008301,25.927289962768555,0.0,10,97,2,9100.927289962769,24.7265
364,1,1,-7.6923980712890625,-4.587399959564209,26.24165916442871,0.0,13,98,2,9101.241659164429,0.3144
366,1,4,-7.516006469726562,-6.415500164031982,26.0551700592041,0.0,15,65,2,9151.055170059204,49.8135
366,1,2,-9.167694091796877,-6.644299983978272,26.136159896850582,0.0,5,61,2,9151.13615989685,0.081
367,1,4,-9.954605102539062,-7.555799961090088,26.167770385742188,0.0,0,44,2,9176.167770385742,25.0316
367,1,4,-6.442398071289063,5.278600692749023,26.199499130249023,0.0,21,277,2,9176.199499130249,0.0317
367,1,3,-8.5325927734375,1.6171998977661133,26.371919631958008,0.0,8,211,2,9176.371919631958,0.1724
368,1,1,-6.882003784179688,-7.583600044250488,25.97368049621582,0.0,18,43,2,9200.973680496216,24.6018
368,1,1,-8.66650390625,3.082500457763672,26.83819961547852,0.0,8,237,2,9201.838199615479,0.8645
370,1,3,-6.7711029052734375,0.80780029296875,25.973669052124023,0.0,19,196,2,9250.973669052124,49.1355
370,1,3,-7.917800903320312,4.287399291992188,26.227489471435547,0.0,12,259,2,9251.227489471436,0.2538
371,1,1,-5.889205932617188,6.898500442504883,25.864389419555664,0.0,24,307,2,9275.864389419556,24.6369
371,1,2,-7.778396606445312,-3.4813995361328125,26.184629440307617,0.0,13,118,2,9276.184629440308,0.3202
372,1,1,-9.036895751953123,-7.377900123596191,26.258350372314453,0.0,5,47,2,9301.258350372314,25.0737
373,1,3,-5.7805938720703125,-0.988499641418457,25.95759010314941,0.0,25,163,2,9325.95759010315,24.6992
373,1,3,-6.697998046875,-1.760000228881836,25.992149353027344,0.0,20,149,2,9325.992149353027,0.0346
373,1,4,-6.285797119140625,6.664899826049805,26.170700073242188,0.0,22,302,2,9326.170700073242,0.1786
373,1,1,-6.0906982421875,-0.5803003311157227,26.480859756469727,0.0,23,171,2,9326.48085975647,0.3102
374,1,1,-8.361099243164062,1.108499526977539,26.093629837036133,0.0,9,201,2,9351.093629837036,24.6128
374,1,1,-8.565093994140625,1.0795001983642578,26.09370994567871,0.0,8,201,2,9351.093709945679,0.0001
375,1,3,-5.59539794921875,-1.633000373840332,25.80678939819336,0.0,26,152,2,9375.806789398193,24.7131
375,1,2,-7.3363037109375,-7.607100009918213,26.25762939453125,0.0,16,43,2,9376.257629394531,0.4508
376,1,3,-7.1620025634765625,-3.311400413513184,26.02219009399414,0.0,17,121,2,9401.022190093994,24.7646
376,1,1,-5.2501068115234375,3.246299743652344,26.04195022583008,0.0,28,240,2,9401.04195022583,0.0198
376,1,4,-5.7740020751953125,-9.362799644470217,26.44400978088379,0.0,25,11,2,9401.444009780884,0.4021
376,1,3,-8.154693603515625,-9.553500175476074,26.61100006103516,0.0,11,8,2,9401.611000061035,0.167
376,1,4,-8.591506958007812,0.7322998046875,28.471630096435547,0.0,8,195,2,9403.471630096436,1.8606
377,1,3,-7.683303833007812,5.502599716186523,25.88051986694336,0.0,14,281,2,9425.880519866943,22.4089
378,1,3,-8.49560546875,0.6440000534057617,26.062889099121094,0.0,9,193,2,9451.062889099121,25.1824
379,1,4,-9.401092529296877,3.397299766540528,26.21483993530273,0.0,3,243,2,9476.214839935303,25.152
380,1,4,-7.477203369140625,-1.6904001235961914,26.07624053955078,0.0,15,151,2,9501.07624053955,24.8614
380,1,1,-9.088897705078123,3.4762001037597656,26.166139602661133,0.0,5,245,2,9501.166139602661,0.0899
380,1,1,-9.625503540039062,4.25779914855957,30.18095016479492,0.0,2,259,2,9505.180950164795,4.0148
381,1,3,-7.0823974609375,0.1659002304077148,26.194610595703125,0.0,17,184,2,9526.194610595703,21.0137
382,1,1,-9.00390625,-3.861800193786621,26.2320499420166,0.0,6,111,2,9551.232049942017,25.0374
382,1,4,-5.275299072265625,1.2896003723144531,26.359050750732425,0.0,28,205,2,9551.359050750732,0.127
384,1,1,-9.412704467773438,7.313499450683594,26.04174995422364,0.0,3,314,2,9601.041749954224,49.6827
386,1,4,-7.4154052734375,-8.67199993133545,26.071510314941406,0.0,15,24,2,9651.071510314941,50.0298
387,1,3,-7.72650146484375,-0.1919002532958984,26.1879997253418,0.0,13,178,2,9676.187999725342,25.1165
388,1,1,-8.126205444335938,5.697399139404297,25.944169998168945,0.0,11,285,2,9700.944169998169,24.7562
388,1,3,-6.54840087890625,6.545000076293945,26.079710006713867,0.0,20,300,2,9701.079710006714,0.1355
388,1,1,-5.388107299804688,0.0178003311157226,28.95121955871582,0.0,27,182,2,9703.951219558716,2.8715
389,1,4,-8.611495971679688,3.993399620056152,25.98793029785156,0.0,8,254,2,9725.987930297852,22.0367
389,1,4,-8.608901977539062,3.9947004318237305,25.987939834594727,0.0,8,254,2,9725.987939834595,0.0
390,1,4,-5.315399169921875,-2.3957996368408203,26.13298988342285,0.0,28,138,2,9751.132989883423,25.1451
390,1,1,-8.55029296875,4.609800338745117,26.166650772094727,0.0,8,265,2,9751.166650772095,0.0337
392,1,3,-5.391204833984375,-8.757499694824219,26.832300186157227,0.0,27,22,2,9801.832300186157,50.6656
393,1,1,-7.734405517578125,5.581199645996094,25.988529205322266,0.0,13,283,2,9825.988529205322,24.1562
393,1,2,-6.13470458984375,-8.433199882507324,26.20840072631836,0.0,23,28,2,9826.208400726318,0.2199
395,1,4,-6.563201904296875,-8.156499862670898,26.14352035522461,0.0,20,33,2,9876.143520355225,49.9351
396,1,3,-6.8350982666015625,-2.708700180053711,26.38702964782715,0.0,19,132,2,9901.387029647827,25.2435
397,1,1,-5.6150970458984375,-7.296500205993652,26.25634956359864,0.0,26,49,2,9926.256349563599,24.8693
398,1,2,-7.1367950439453125,-6.861800193786621,26.29512023925781,0.0,17,57,2,9951.295120239258,25.0388
398,1,3,-9.558502197265623,-0.2751998901367187,26.40584945678711,0.0,2,176,2,9951.405849456787,0.1107
400,1,3,-7.9241943359375,-8.093600273132324,25.922399520874023,0.0,12,34,2,10000.922399520874,49.5166
400,1,2,-7.3511962890625,-8.959199905395508,26.070009231567383,0.0,16,18,2,10001.070009231567,0.1476
400,1,1,-6.7577972412109375,-5.247900009155273,26.10043907165528,0.0,19,86,2,10001.100439071655,0.0304
400,1,1,-5.907394409179688,-5.491799831390381,26.325899124145508,0.0,24,81,2,10001.325899124146,0.2255
401,1,3,-9.845504760742188,-1.5220003128051758,25.968379974365234,0.0,0,154,2,10025.968379974365,24.6425
403,1,4,-8.569900512695312,-7.946300029754639,25.771469116210938,0.0,8,37,2,10075.771469116211,49.8031
403,1,1,-6.201095581054688,-9.15659999847412,26.155420303344727,0.0,23,15,2,10076.155420303345,0.384
404,1,2,-6.9055938720703125,-3.965999603271485,26.08802032470703,0.0,18,109,2,10101.088020324707,24.9326
404,1,4,-8.423004150390625,-4.761499881744385,26.08863067626953,0.0,9,95,2,10101.08863067627,0.0006
405,1,4,-8.221099853515625,-4.8003997802734375,26.05406951904297,0.0,10,94,2,10126.054069519043,24.9654
405,1,4,-5.8000030517578125,-9.099499702453612,26.69791984558105,0.0,25,16,2,10126.697919845581,0.6439
406,1,4,-5.41259765625,5.21769905090332,26.198410034179688,0.0,27,276,2,10151.19841003418,24.5005
407,1,3,-9.08819580078125,-8.657299995422363,25.71525001525879,0.0,5,24,2,10175.715250015259,24.5168
408,1,4,-9.596405029296877,-1.8417997360229488,26.35131072998047,0.0,2,148,2,10201.35131072998,25.6361
409,1,1,-5.2436065673828125,-7.328800201416016,25.95236015319824,0.0,28,48,2,10225.952360153198,24.601
409,1,4,-8.781005859375,-9.624199867248535,26.1353702545166,0.0,7,6,2,10226.135370254517,0.183
409,1,3,-5.5742950439453125,-2.878499984741211,26.26966094970703,0.0,26,129,2,10226.269660949707,0.1343
410,1,2,-8.732894897460938,-6.162700176239014,26.268770217895508,0.0,7,69,2,10251.268770217896,24.9991
411,1,2,-5.338897705078125,2.662300109863281,25.85531997680664,0.0,28,230,2,10275.855319976807,24.5865
411,1,3,-9.856201171875,-6.880199909210205,26.389049530029297,0.0,0,56,2,10276.38904953003,0.5337
412,1,3,-8.498306274414062,-8.409600257873535,26.38970947265625,0.0,9,28,2,10301.389709472656,25.0007
413,1,3,-6.6067962646484375,-9.0,26.03628921508789,0.0,20,18,2,10326.036289215088,24.6466
413,1,1,-9.0115966796875,-5.308800220489502,26.045970916748047,0.0,5,85,2,10326.045970916748,0.0097
413,1,1,-6.231292724609375,-9.88800048828125,26.344459533691406,0.0,22,2,2,10326.344459533691,0.2985
414,1,4,-7.756805419921875,2.2263002395629883,26.191070556640625,0.0,13,222,2,10351.19107055664,24.8466
416,1,2,-8.999801635742188,6.114900588989258,26.014509201049805,0.0,6,292,2,10401.01450920105,49.8234
416,1,3,-7.951904296875,4.70210075378418,26.150850296020508,0.0,12,267,2,10401.15085029602,0.1363
417,1,4,-8.24029541015625,-4.809599876403809,25.995540618896484,0.0,10,94,2,10425.995540618896,24.8447
419,1,4,-7.76849365234375,7.54170036315918,26.3952693939209,0.0,13,318,2,10476.39526939392,50.3997
420,1,3,-9.49560546875,-2.094099998474121,25.8906192779541,0.0,3,143,2,10500.890619277954,24.4953
420,1,3,-7.9647979736328125,-8.194299697875977,26.15974998474121,0.0,12,32,2,10501.159749984741,0.2691
421,1,2,-6.806198120117188,-8.300299644470215,26.001100540161133,0.0,19,30,2,10526.001100540161,24.8414
421,1,2,-6.843795776367188,-8.286700248718262,26.001100540161133,0.0,19,31,2,10526.001100540161,0.0
421,1,2,-8.07989501953125,1.7786998748779297,26.233999252319336,0.0,11,214,2,10526.23399925232,0.2329
422,1,2,-8.805404663085938,-6.6458001136779785,26.43166923522949,0.0,7,60,2,10551.43166923523,25.1977
424,1,4,-7.32049560546875,0.1887998580932617,26.23386001586914,0.0,16,185,2,10601.23386001587,49.8022
424,1,3,-7.0106964111328125,3.617500305175781,26.49294090270996,0.0,18,247,2,10601.49294090271,0.2591
425,1,3,-9.604293823242188,-5.767000198364258,26.929420471191406,0.0,2,76,2,10626.929420471191,25.4365
427,1,1,-5.6033935546875,1.872699737548828,25.96586036682129,0.0,26,215,2,10675.965860366821,49.0364
427,1,3,-7.530899047851562,7.455600738525391,26.25861930847168,0.0,14,317,2,10676.258619308472,0.2928
428,1,2,-8.251205444335938,4.111700057983398,25.9324893951416,0.0,10,256,2,10700.932489395142,24.6739
428,1,2,-5.6846923828125,0.1287002563476562,25.9734001159668,0.0,26,184,2,10700.973400115967,0.0409
428,1,3,-8.234207153320312,-5.620999813079834,26.01432037353516,0.0,10,79,2,10701.014320373535,0.0409
428,1,4,-7.8726043701171875,7.572200775146484,26.14488983154297,0.0,12,319,2,10701.144889831543,0.1306
428,1,3,-9.964096069335938,4.79319953918457,26.18564987182617,0.0,0,268,2,10701.185649871826,0.0408
429,1,1,-7.0543060302734375,6.908500671386719,25.996170043945312,0.0,17,307,2,10725.996170043945,24.8105
429,1,4,-9.166000366210938,-3.838199615478516,26.06831932067871,0.0,5,112,2,10726.068319320679,0.0721
429,1,2,-5.820098876953125,4.411199569702148,26.07007026672364,0.0,25,262,2,10726.070070266724,0.0018
429,1,4,-6.6566009521484375,-2.8647003173828125,26.15315055847168,0.0,20,129,2,10726.153150558472,0.0831
430,1,2,-8.2178955078125,-7.331999778747559,26.418689727783203,0.0,10,48,2,10751.418689727783,25.2655
431,1,2,-9.77679443359375,1.3743000030517578,26.334760665893555,0.0,1,206,2,10776.334760665894,24.9161
431,1,2,-7.155303955078125,3.0815000534057617,26.33506965637207,0.0,17,237,2,10776.335069656372,0.0003
433,1,1,-7.700393676757812,-7.474100112915039,26.344839096069336,0.0,13,45,2,10826.34483909607,50.0098
433,1,1,-7.746505737304687,-7.480500221252441,26.344890594482425,0.0,13,45,2,10826.344890594482,0.0001
433,1,1,-7.198394775390625,-7.531599998474121,26.34514045715332,0.0,16,44,2,10826.345140457153,0.0002
434,1,3,-9.262603759765623,3.221799850463867,25.987499237060547,0.0,4,240,2,10850.98749923706,24.6424
434,1,3,-5.761993408203125,3.9809999465942383,26.024089813232425,0.0,25,254,2,10851.024089813232,0.0366
434,1,1,-7.8455047607421875,4.787599563598633,26.35547065734864,0.0,13,268,2,10851.355470657349,0.3314
436,1,3,-6.822296142578125,-7.546299934387207,26.359769821166992,0.0,19,44,2,10901.359769821167,50.0043
436,1,4,-6.1616058349609375,7.478700637817383,26.62858963012696,0.0,23,317,2,10901.628589630127,0.2688
437,1,4,-8.014602661132812,4.760700225830078,25.914430618286133,0.0,12,268,2,10925.914430618286,24.2858
437,1,2,-7.715194702148437,-6.509500026702881,26.16783905029297,0.0,13,63,2,10926.167839050293,0.2534
437,1,3,-7.26019287109375,-8.001299858093262,26.48967933654785,0.0,16,36,2,10926.489679336548,0.3218
437,1,1,-7.434600830078125,0.0642995834350586,27.30072021484375,0.0,15,182,2,10927.300720214844,0.811
438,1,4,-9.923599243164062,-9.270999908447266,25.86706924438477,0.0,0,13,2,10950.867069244385,23.5663
438,1,1,-9.63079833984375,-8.679800033569336,25.95134925842285,0.0,2,24,2,10950.951349258423,0.0843
438,1,1,-8.846099853515625,-9.852100372314451,26.1501407623291,0.0,6,2,2,10951.15014076233,0.1988
438,1,2,-5.59649658203125,7.593399047851562,26.154340744018555,0.0,26,319,2,10951.154340744019,0.0042
438,1,2,-8.11700439453125,-3.6887998580932617,26.279809951782227,0.0,11,114,2,10951.279809951782,0.1255
439,1,1,-6.6322021484375,7.522600173950195,25.804759979248047,0.0,20,318,2,10975.804759979248,24.525
440,1,2,-8.837295532226562,2.166000366210937,25.876659393310547,0.0,7,221,2,11000.87665939331,25.0719
440,1,3,-7.900100708007812,4.372699737548828,25.99312973022461,0.0,12,261,2,11000.993129730225,0.1165
441,1,1,-8.442306518554688,-0.9867000579833984,26.097129821777344,0.0,9,163,2,11026.097129821777,25.104
441,1,3,-6.165496826171875,-4.25190019607544,26.13068008422852,0.0,23,104,2,11026.130680084229,0.0336
441,1,3,-6.286407470703125,3.5881004333496094,26.248279571533203,0.0,22,247,2,11026.248279571533,0.1176
441,1,2,-7.20440673828125,-5.496600151062012,26.27379035949707,0.0,16,81,2,11026.273790359497,0.0255
442,1,1,-9.081298828125,-5.5833001136779785,26.18606948852539,0.0,5,80,2,11051.186069488525,24.9123
442,1,4,-6.212493896484375,-0.6674003601074219,26.326980590820312,0.0,22,169,2,11051.32698059082,0.1409
443,1,4,-6.299102783203125,3.4636001586914062,26.055349349975582,0.0,22,244,2,11076.055349349976,24.7284
443,1,4,-5.449493408203125,-6.078700065612793,26.05691909790039,0.0,27,71,2,11076.0569190979,0.0016
445,1,1,-7.716400146484375,3.515299797058105,26.37120056152344,0.0,13,245,2,11126.371200561523,50.3143
446,1,1,-6.778106689453125,1.2582998275756836,26.098859786987305,0.0,19,204,2,11151.098859786987,24.7277
447,1,4,-8.0841064453125,-7.383600234985352,25.95216941833496,0.0,11,47,2,11175.952169418335,24.8533
447,1,1,-5.909194946289063,-6.960299968719482,26.05794906616211,0.0,24,55,2,11176.057949066162,0.1058
447,1,3,-9.393203735351562,3.38129997253418,26.13167953491211,0.0,3,243,2,11176.131679534912,0.0737
448,1,1,-6.2794036865234375,-7.88730001449585,26.108009338378903,0.0,22,38,2,11201.108009338379,24.9763
448,1,4,-9.38519287109375,3.959199905395508,26.11594009399414,0.0,3,253,2,11201.115940093994,0.0079
448,1,3,-5.900894165039063,-3.0816001892089844,26.3599796295166,0.0,24,125,2,11201.359979629517,0.244
449,1,2,-7.807098388671875,-5.065499782562256,26.154460906982425,0.0,13,89,2,11226.154460906982,24.7945
451,1,2,-6.889694213867188,-9.8843994140625,26.022689819335938,0.0,18,2,2,11276.022689819336,49.8682
452,1,3,-8.733795166015625,-6.832900047302246,26.0931396484375,0.0,7,57,2,11301.093139648438,25.0704
453,1,2,-8.695098876953125,-5.386499881744385,25.884109497070312,0.0,7,83,2,11325.88410949707,24.791
453,1,4,-7.4145965576171875,-6.448299884796143,26.048269271850582,0.0,15,64,2,11326.04826927185,0.1642
454,1,2,-7.1851959228515625,-5.382199764251709,26.247459411621094,0.0,17,83,2,11351.247459411621,25.1992
455,1,1,-8.639694213867188,-4.4868998527526855,26.02758026123047,0.0,8,100,2,11376.02758026123,24.7801
455,1,2,-5.71240234375,3.671199798583984,26.07965087890625,0.0,25,248,2,11376.079650878906,0.0521
455,1,2,-8.10040283203125,-5.693399906158447,26.29482078552246,0.0,11,78,2,11376.294820785522,0.2152
456,1,3,-8.875900268554688,-7.98169994354248,26.05872917175293,0.0,6,36,2,11401.058729171753,24.7639
456,1,2,-6.152801513671875,2.4836997985839844,26.1181697845459,0.0,23,226,2,11401.118169784546,0.0594
459,1,4,-7.10479736328125,-2.5298995971679688,26.180599212646484,0.0,17,135,2,11476.180599212646,75.0624
460,1,2,-8.48370361328125,7.15519905090332,26.306129455566406,0.0,9,311,2,11501.306129455566,25.1255
462,1,1,-9.768096923828123,3.856399536132813,26.13644027709961,0.0,1,251,2,11551.1364402771,49.8303
462,1,4,-8.207595825195312,6.122600555419922,26.142229080200195,0.0,10,293,2,11551.1422290802,0.0058
462,1,4,-7.1685943603515625,-0.1997995376586914,26.1423397064209,0.0,17,178,2,11551.14233970642,0.0001
464,1,3,-8.116195678710938,-1.3578996658325195,26.397550582885746,0.0,11,157,2,11601.397550582886,50.2552
464,1,3,-8.182998657226562,-1.6865997314453125,26.39764976501465,0.0,11,151,2,11601.397649765015,0.0001
465,1,3,-6.8887939453125,5.512199401855469,26.10511016845703,0.0,18,282,2,11626.105110168457,24.7075
465,1,4,-9.939193725585938,-4.026199817657471,26.379589080810547,0.0,0,108,2,11626.37958908081,0.2745
466,1,1,-6.417892456054688,3.756699562072754,25.89995002746582,0.0,21,250,2,11650.899950027466,24.5204
466,1,2,-9.874893188476562,-6.977000236511231,25.90703010559082,0.0,0,54,2,11650.90703010559,0.0071
466,1,3,-5.602996826171875,-7.374199867248535,25.911630630493164,0.0,26,47,2,11650.911630630493,0.0046
466,1,3,-6.024200439453125,0.0594997406005859,26.056320190429688,0.0,24,182,2,11651.05632019043,0.1447
466,1,3,-6.602096557617188,4.2537994384765625,26.224750518798828,0.0,20,259,2,11651.224750518799,0.1684
467,1,2,-5.597503662109375,-4.96120023727417,25.89245986938477,0.0,26,91,2,11675.892459869385,24.6677
467,1,2,-9.1051025390625,-5.9893999099731445,26.039600372314453,0.0,5,72,2,11676.039600372314,0.1471
467,1,1,-9.54150390625,6.69379997253418,26.21043968200684,0.0,2,303,2,11676.210439682007,0.1708
467,1,2,-8.969406127929688,6.39900016784668,26.24258041381836,0.0,6,298,2,11676.242580413818,0.0321
472,1,2,-5.606292724609375,-9.50059986114502,26.1860408782959,0.0,26,9,2,11801.186040878296,124.9435
472,1,3,-7.249603271484375,5.2733001708984375,26.272090911865234,0.0,16,277,2,11801.272090911865,0.0861
473,1,2,-6.06829833984375,5.271499633789063,26.017410278320312,0.0,23,277,2,11826.01741027832,24.7453
475,1,1,-8.427703857421875,-5.320099830627441,26.115840911865234,0.0,9,85,2,11876.115840911865,50.0984
475,1,3,-7.474395751953125,1.7818002700805664,26.25069046020508,0.0,15,214,2,11876.250690460205,0.1348
476,1,1,-5.888397216796875,3.197999954223633,25.95352935791016,0.0,24,239,2,11900.95352935791,24.7028
476,1,2,-6.60260009765625,6.830099105834961,26.22699928283692,0.0,20,306,2,11901.226999282837,0.2735
476,1,4,-7.4145965576171875,-6.106500148773193,27.400270462036133,0.0,15,70,2,11902.400270462036,1.1733
477,1,2,-6.310302734375,2.2088003158569336,26.163890838623047,0.0,22,221,2,11926.163890838623,23.7636
477,1,2,-9.084396362304688,-1.2054996490478516,26.3010196685791,0.0,5,159,2,11926.30101966858,0.1371
477,1,2,-6.2176055908203125,-1.2462997436523438,26.30125999450684,0.0,22,159,2,11926.301259994507,0.0002
477,1,4,-7.25469970703125,-6.860400199890137,26.64779090881348,0.0,16,57,2,11926.647790908813,0.3465
478,1,3,-5.760894775390625,-8.639900207519531,26.20878028869629,0.0,25,24,2,11951.208780288696,24.561
479,1,4,-5.4492950439453125,-7.883600234985352,26.06889915466309,0.0,27,38,2,11976.068899154663,24.8601
479,1,1,-5.253692626953125,-9.219200134277344,26.43235969543457,0.0,28,14,2,11976.432359695435,0.3635
480,1,1,-8.270904541015625,-1.9963998794555664,26.137779235839844,0.0,10,145,2,12001.13777923584,24.7054
481,1,3,-6.380294799804688,-8.407299995422363,26.26844024658203,0.0,21,28,2,12026.268440246582,25.1307
483,1,2,-5.740402221679688,-7.847400188446045,26.03317070007324,0.0,25,39,2,12076.033170700073,49.7647
483,1,2,-8.867599487304688,-8.256599426269531,26.165700912475582,0.0,6,31,2,12076.165700912476,0.1325
483,1,4,-7.441802978515625,1.9455995559692385,26.20730972290039,0.0,15,217,2,12076.2073097229,0.0416
484,1,1,-8.410797119140625,3.68850040435791,25.98097038269043,0.0,9,248,2,12100.98097038269,24.7737
485,1,2,-6.484100341796875,-5.05810022354126,26.00065040588379,0.0,21,89,2,12126.000650405884,25.0197
486,1,2,-7.2075042724609375,-4.694399833679199,26.113000869750977,0.0,16,96,2,12151.113000869751,25.1124
487,1,3,-9.951004028320312,-2.5044002532958984,29.85857009887696,0.0,0,136,2,12179.858570098877,28.7456
491,1,1,-8.26519775390625,-7.132400035858154,25.88372039794922,0.0,10,52,2,12275.88372039795,96.0252
492,1,1,-9.236297607421877,-7.445700168609619,26.406259536743164,0.0,4,46,2,12301.406259536743,25.5225
494,1,4,-7.783401489257812,0.596099853515625,26.11574935913086,0.0,13,192,2,12351.11574935913,49.7095
495,1,1,-8.69610595703125,-0.5566997528076172,26.042760848999023,0.0,7,171,2,12376.042760848999,24.927
495,1,1,-5.56329345703125,-5.415999889373779,26.39291954040528,0.0,26,83,2,12376.392919540405,0.3502
495,1,1,-5.5718994140625,-5.415900230407715,26.393489837646484,0.0,26,83,2,12376.393489837646,0.0006
496,1,1,-8.357498168945312,0.5780000686645508,26.292570114135746,0.0,9,192,2,12401.292570114136,24.8991
496,1,4,-8.77789306640625,-2.182100296020508,30.216699600219727,0.0,7,142,2,12405.21669960022,3.9241
498,1,2,-7.9355926513671875,-2.0009002685546875,26.06446075439453,0.0,12,145,2,12451.064460754395,45.8478
498,1,2,-8.053695678710938,-1.093099594116211,26.06538963317871,0.0,11,161,2,12451.065389633179,0.0009
498,1,2,-5.4658966064453125,-2.067000389099121,26.11520004272461,0.0,27,144,2,12451.115200042725,0.0498
498,1,3,-7.126007080078125,2.664400100708008,26.189790725708008,0.0,17,230,2,12451.189790725708,0.0746
499,1,3,-6.489105224609375,2.430299758911133,26.04924964904785,0.0,21,226,2,12476.049249649048,24.8595
499,1,4,-9.565994262695312,0.1386003494262695,26.45454978942871,0.0,2,184,2,12476.454549789429,0.4053
500,1,3,-6.332000732421875,-7.251900196075439,25.89402961730957,0.0,22,49,2,12500.89402961731,24.4395
500,1,1,-9.665603637695312,4.563999176025391,26.012340545654297,0.0,2,264,2,12501.012340545654,0.1183
500,1,3,-9.858596801757812,-5.418900012969971,26.04520034790039,0.0,0,83,2,12501.0452003479,0.0329
500,1,2,-5.3159027099609375,-1.8411998748779297,26.5158805847168,0.0,28,148,2,12501.515880584717,0.4707
