Sensor,X0,Y0,TotalHits,MissingHits
739,154.0,12.0,1183.0,14.0
979,174.0,12.0,,
1279,194.0,12.0,,
1549,214.0,12.0,,
1849,234.0,12.0,,
1939,254.0,12.0,,
1969,294.0,12.0,,
1999,314.0,12.0,,
2029,334.0,12.0,,
2083,354.0,12.0,,
2113,374.0,12.0,,
2143,414.0,12.0,,
2173,434.0,12.0,,
2203,454.0,12.0,,
2233,474.0,12.0,,
2263,494.0,12.0,,
2293,514.0,12.0,,
2347,554.0,12.0,,
2377,574.0,12.0,,
2407,594.0,12.0,,
2437,614.0,12.0,,
2467,634.0,12.0,,
2497,694.0,12.0,,
2527,714.0,12.0,,
2557,734.0,12.0,,
2611,754.0,12.0,,
2641,774.0,12.0,,
2671,814.0,12.0,,
2701,834.0,12.0,,
2731,854.0,12.0,,
2761,874.0,12.0,,
2791,894.0,12.0,,
2821,914.0,12.0,,
2875,954.0,12.0,,
2905,974.0,12.0,,
2935,994.0,12.0,,
1,1014.0,12.0,,
31,1034.0,12.0,,
61,1074.0,12.0,,
91,1094.0,12.0,,
121,1114.0,12.0,,
151,1134.0,12.0,,
205,1154.0,12.0,,
235,1174.0,12.0,,
265,1214.0,12.0,,
295,1234.0,12.0,,
325,1254.0,12.0,,
355,1274.0,12.0,,
385,1294.0,12.0,,
415,1314.0,12.0,,
445,1354.0,12.0,,
475,1374.0,12.0,,
505,1394.0,12.0,,
535,1414.0,12.0,,
565,1434.0,12.0,,
595,1474.0,12.0,,
625,1494.0,12.0,,
679,1514.0,12.0,,
709,1534.0,12.0,,
769,1554.0,12.0,,
799,1574.0,12.0,,
829,1614.0,12.0,,
859,1634.0,12.0,,
889,1654.0,12.0,,
919,1674.0,12.0,,
949,1694.0,12.0,,
1009,1754.0,12.0,,
1039,1774.0,12.0,,
1069,1794.0,12.0,,
1099,1814.0,12.0,,
1129,1834.0,12.0,,
1159,1874.0,12.0,,
1189,1894.0,12.0,,
1219,1914.0,12.0,,
1249,1934.0,12.0,,
1309,1954.0,12.0,,
1339,1974.0,12.0,,
1369,2014.0,12.0,,
1399,2034.0,12.0,,
1429,2054.0,12.0,,
1459,2074.0,12.0,,
1489,2094.0,12.0,,
1519,2134.0,12.0,,
1579,2154.0,12.0,,
1609,2174.0,12.0,,
1639,2194.0,12.0,,
1669,2214.0,12.0,,
1699,2234.0,12.0,,
1729,2274.0,12.0,,
1759,2294.0,12.0,,
1789,2314.0,12.0,,
1819,2334.0,12.0,,
1879,2354.0,12.0,,
1909,2374.0,12.0,,
750,154.0,32.0,,
990,174.0,32.0,,
1290,194.0,32.0,,
1560,214.0,32.0,,
1860,234.0,32.0,,
1950,254.0,32.0,,
1980,294.0,32.0,,
2010,314.0,32.0,,
2040,334.0,32.0,,
2094,354.0,32.0,,
2124,374.0,32.0,,
2154,414.0,32.0,,
2184,434.0,32.0,,
2214,454.0,32.0,,
2244,474.0,32.0,,
2274,494.0,32.0,,
2304,514.0,32.0,,
2358,554.0,32.0,,
2388,574.0,32.0,,
2418,594.0,32.0,,
2448,614.0,32.0,,
2478,634.0,32.0,,
2508,694.0,32.0,,
2538,714.0,32.0,,
2568,734.0,32.0,,
2622,754.0,32.0,,
2652,774.0,32.0,,
2682,814.0,32.0,,
2712,834.0,32.0,,
2742,854.0,32.0,,
2772,874.0,32.0,,
2802,894.0,32.0,,
2832,914.0,32.0,,
2886,954.0,32.0,,
2916,974.0,32.0,,
2946,994.0,32.0,,
12,1014.0,32.0,,
42,1034.0,32.0,,
72,1074.0,32.0,,
102,1094.0,32.0,,
132,1114.0,32.0,,
162,1134.0,32.0,,
216,1154.0,32.0,,
246,1174.0,32.0,,
276,1214.0,32.0,,
306,1234.0,32.0,,
336,1254.0,32.0,,
366,1274.0,32.0,,
396,1294.0,32.0,,
426,1314.0,32.0,,
456,1354.0,32.0,,
486,1374.0,32.0,,
516,1394.0,32.0,,
546,1414.0,32.0,,
576,1434.0,32.0,,
606,1474.0,32.0,,
636,1494.0,32.0,,
690,1514.0,32.0,,
720,1534.0,32.0,,
780,1554.0,32.0,,
810,1574.0,32.0,,
840,1614.0,32.0,,
870,1634.0,32.0,,
900,1654.0,32.0,,
930,1674.0,32.0,,
960,1694.0,32.0,,
1020,1754.0,32.0,,
1050,1774.0,32.0,,
1080,1794.0,32.0,,
1110,1814.0,32.0,,
1140,1834.0,32.0,,
1170,1874.0,32.0,,
1200,1894.0,32.0,,
1230,1914.0,32.0,,
1260,1934.0,32.0,,
1320,1954.0,32.0,,
1350,1974.0,32.0,,
1380,2014.0,32.0,,
1410,2034.0,32.0,,
1440,2054.0,32.0,,
1470,2074.0,32.0,,
1500,2094.0,32.0,,
1530,2134.0,32.0,,
1590,2154.0,32.0,,
1620,2174.0,32.0,,
1650,2194.0,32.0,,
1680,2214.0,32.0,,
1710,2234.0,32.0,,
1740,2274.0,32.0,,
1770,2294.0,32.0,,
1800,2314.0,32.0,,
1830,2334.0,32.0,,
1890,2354.0,32.0,,
1920,2374.0,32.0,,
761,154.0,52.0,,
1001,174.0,52.0,,
1301,194.0,52.0,,
1571,214.0,52.0,,
1871,234.0,52.0,,
1961,254.0,52.0,,
1991,294.0,52.0,,
2021,314.0,52.0,,
2051,334.0,52.0,,
2105,354.0,52.0,,
2135,374.0,52.0,,
2165,414.0,52.0,,
2195,434.0,52.0,,
2225,454.0,52.0,,
2255,474.0,52.0,,
2285,494.0,52.0,,
2315,514.0,52.0,,
2369,554.0,52.0,,
2399,574.0,52.0,,
2429,594.0,52.0,,
2459,614.0,52.0,,
2489,634.0,52.0,,
2519,694.0,52.0,,
2549,714.0,52.0,,
2579,734.0,52.0,,
2633,754.0,52.0,,
2663,774.0,52.0,,
2693,814.0,52.0,,
2723,834.0,52.0,,
2753,854.0,52.0,,
2783,874.0,52.0,,
2813,894.0,52.0,,
2843,914.0,52.0,,
2897,954.0,52.0,,
2927,974.0,52.0,,
2957,994.0,52.0,,
23,1014.0,52.0,,
53,1034.0,52.0,,
83,1074.0,52.0,,
113,1094.0,52.0,,
143,1114.0,52.0,,
173,1134.0,52.0,,
227,1154.0,52.0,,
257,1174.0,52.0,,
287,1214.0,52.0,,
317,1234.0,52.0,,
347,1254.0,52.0,,
377,1274.0,52.0,,
407,1294.0,52.0,,
437,1314.0,52.0,,
467,1354.0,52.0,,
497,1374.0,52.0,,
527,1394.0,52.0,,
557,1414.0,52.0,,
587,1434.0,52.0,,
617,1474.0,52.0,,
647,1494.0,52.0,,
701,1514.0,52.0,,
731,1534.0,52.0,,
791,1554.0,52.0,,
821,1574.0,52.0,,
851,1614.0,52.0,,
881,1634.0,52.0,,
911,1654.0,52.0,,
941,1674.0,52.0,,
971,1694.0,52.0,,
1031,1754.0,52.0,,
1061,1774.0,52.0,,
1091,1794.0,52.0,,
1121,1814.0,52.0,,
1151,1834.0,52.0,,
1181,1874.0,52.0,,
1211,1894.0,52.0,,
1241,1914.0,52.0,,
1271,1934.0,52.0,,
1331,1954.0,52.0,,
1361,1974.0,52.0,,
1391,2014.0,52.0,,
1421,2034.0,52.0,,
1451,2054.0,52.0,,
1481,2074.0,52.0,,
1511,2094.0,52.0,,
1541,2134.0,52.0,,
1601,2154.0,52.0,,
1631,2174.0,52.0,,
1661,2194.0,52.0,,
1691,2214.0,52.0,,
1721,2234.0,52.0,,
1751,2274.0,52.0,,
1781,2294.0,52.0,,
1811,2314.0,52.0,,
1841,2334.0,52.0,,
1901,2354.0,52.0,,
1931,2374.0,52.0,,
766,154.0,72.0,,
1006,174.0,72.0,,
1306,194.0,72.0,,
1576,214.0,72.0,,
1876,234.0,72.0,,
1966,254.0,72.0,,
1996,294.0,72.0,,
2026,314.0,72.0,,
2056,334.0,72.0,,
2110,354.0,72.0,,
2140,374.0,72.0,,
2170,414.0,72.0,,
2200,434.0,72.0,,
2230,454.0,72.0,,
2260,474.0,72.0,,
2290,494.0,72.0,,
2320,514.0,72.0,,
2374,554.0,72.0,,
2404,574.0,72.0,,
2434,594.0,72.0,,
2464,614.0,72.0,,
2494,634.0,72.0,,
2524,694.0,72.0,,
2554,714.0,72.0,,
2584,734.0,72.0,,
2638,754.0,72.0,,
2668,774.0,72.0,,
2698,814.0,72.0,,
2728,834.0,72.0,,
2758,854.0,72.0,,
2788,874.0,72.0,,
2818,894.0,72.0,,
2848,914.0,72.0,,
2902,954.0,72.0,,
2932,974.0,72.0,,
2962,994.0,72.0,,
28,1014.0,72.0,,
58,1034.0,72.0,,
88,1074.0,72.0,,
118,1094.0,72.0,,
148,1114.0,72.0,,
178,1134.0,72.0,,
232,1154.0,72.0,,
262,1174.0,72.0,,
292,1214.0,72.0,,
322,1234.0,72.0,,
352,1254.0,72.0,,
382,1274.0,72.0,,
412,1294.0,72.0,,
442,1314.0,72.0,,
472,1354.0,72.0,,
502,1374.0,72.0,,
532,1394.0,72.0,,
562,1414.0,72.0,,
592,1434.0,72.0,,
622,1474.0,72.0,,
652,1494.0,72.0,,
706,1514.0,72.0,,
736,1534.0,72.0,,
796,1554.0,72.0,,
826,1574.0,72.0,,
856,1614.0,72.0,,
886,1634.0,72.0,,
916,1654.0,72.0,,
946,1674.0,72.0,,
976,1694.0,72.0,,
1036,1754.0,72.0,,
1066,1774.0,72.0,,
1096,1794.0,72.0,,
1126,1814.0,72.0,,
1156,1834.0,72.0,,
1186,1874.0,72.0,,
1216,1894.0,72.0,,
1246,1914.0,72.0,,
1276,1934.0,72.0,,
1336,1954.0,72.0,,
1366,1974.0,72.0,,
1396,2014.0,72.0,,
1426,2034.0,72.0,,
1456,2054.0,72.0,,
1486,2074.0,72.0,,
1516,2094.0,72.0,,
1546,2134.0,72.0,,
1606,2154.0,72.0,,
1636,2174.0,72.0,,
1666,2194.0,72.0,,
1696,2214.0,72.0,,
1726,2234.0,72.0,,
1756,2274.0,72.0,,
1786,2294.0,72.0,,
1816,2314.0,72.0,,
1846,2334.0,72.0,,
1906,2354.0,72.0,,
1936,2374.0,72.0,,
767,154.0,92.0,,
1007,174.0,92.0,,
1307,194.0,92.0,,
1577,214.0,92.0,,
1877,234.0,92.0,,
1967,254.0,92.0,,
1997,294.0,92.0,,
2027,314.0,92.0,,
2057,334.0,92.0,,
2111,354.0,92.0,,
2141,374.0,92.0,,
2171,414.0,92.0,,
2201,434.0,92.0,,
2231,454.0,92.0,,
2261,474.0,92.0,,
2291,494.0,92.0,,
2321,514.0,92.0,,
2375,554.0,92.0,,
2405,574.0,92.0,,
2435,594.0,92.0,,
2465,614.0,92.0,,
2495,634.0,92.0,,
2525,694.0,92.0,,
2555,714.0,92.0,,
2585,734.0,92.0,,
2639,754.0,92.0,,
2669,774.0,92.0,,
2699,814.0,92.0,,
2729,834.0,92.0,,
2759,854.0,92.0,,
2789,874.0,92.0,,
2819,894.0,92.0,,
2849,914.0,92.0,,
2903,954.0,92.0,,
2933,974.0,92.0,,
2963,994.0,92.0,,
29,1014.0,92.0,,
59,1034.0,92.0,,
89,1074.0,92.0,,
119,1094.0,92.0,,
149,1114.0,92.0,,
179,1134.0,92.0,,
233,1154.0,92.0,,
263,1174.0,92.0,,
293,1214.0,92.0,,
323,1234.0,92.0,,
353,1254.0,92.0,,
383,1274.0,92.0,,
413,1294.0,92.0,,
443,1314.0,92.0,,
473,1354.0,92.0,,
503,1374.0,92.0,,
533,1394.0,92.0,,
563,1414.0,92.0,,
593,1434.0,92.0,,
623,1474.0,92.0,,
653,1494.0,92.0,,
707,1514.0,92.0,,
737,1534.0,92.0,,
797,1554.0,92.0,,
827,1574.0,92.0,,
857,1614.0,92.0,,
887,1634.0,92.0,,
917,1654.0,92.0,,
947,1674.0,92.0,,
977,1694.0,92.0,,
1037,1754.0,92.0,,
1067,1774.0,92.0,,
1097,1794.0,92.0,,
1127,1814.0,92.0,,
1157,1834.0,92.0,,
1187,1874.0,92.0,,
1217,1894.0,92.0,,
1247,1914.0,92.0,,
1277,1934.0,92.0,,
1337,1954.0,92.0,,
1367,1974.0,92.0,,
1397,2014.0,92.0,,
1427,2034.0,92.0,,
1457,2054.0,92.0,,
1487,2074.0,92.0,,
1517,2094.0,92.0,,
1547,2134.0,92.0,,
1607,2154.0,92.0,,
1637,2174.0,92.0,,
1667,2194.0,92.0,,
1697,2214.0,92.0,,
1727,2234.0,92.0,,
1757,2274.0,92.0,,
1787,2294.0,92.0,,
1817,2314.0,92.0,,
1847,2334.0,92.0,,
1907,2354.0,92.0,,
1937,2374.0,92.0,,
738,154.0,112.0,,
978,174.0,112.0,,
1278,194.0,112.0,,
1548,214.0,112.0,,
1848,234.0,112.0,,
1938,254.0,112.0,,
1968,294.0,112.0,,
1998,314.0,112.0,,
2028,334.0,112.0,,
2082,354.0,112.0,,
2112,374.0,112.0,,
2142,414.0,112.0,,
2172,434.0,112.0,,
2202,454.0,112.0,,
2232,474.0,112.0,,
2262,494.0,112.0,,
2292,514.0,112.0,,
2346,554.0,112.0,,
2376,574.0,112.0,,
2406,594.0,112.0,,
2436,614.0,112.0,,
2466,634.0,112.0,,
2496,694.0,112.0,,
2526,714.0,112.0,,
2556,734.0,112.0,,
2610,754.0,112.0,,
2640,774.0,112.0,,
2670,814.0,112.0,,
2700,834.0,112.0,,
2730,854.0,112.0,,
2760,874.0,112.0,,
2790,894.0,112.0,,
2820,914.0,112.0,,
2874,954.0,112.0,,
2904,974.0,112.0,,
2934,994.0,112.0,,
0,1014.0,112.0,,
30,1034.0,112.0,,
60,1074.0,112.0,,
90,1094.0,112.0,,
120,1114.0,112.0,,
150,1134.0,112.0,,
204,1154.0,112.0,,
234,1174.0,112.0,,
264,1214.0,112.0,,
294,1234.0,112.0,,
324,1254.0,112.0,,
354,1274.0,112.0,,
384,1294.0,112.0,,
414,1314.0,112.0,,
444,1354.0,112.0,,
474,1374.0,112.0,,
504,1394.0,112.0,,
534,1414.0,112.0,,
564,1434.0,112.0,,
594,1474.0,112.0,,
624,1494.0,112.0,,
678,1514.0,112.0,,
708,1534.0,112.0,,
768,1554.0,112.0,,
798,1574.0,112.0,,
828,1614.0,112.0,,
858,1634.0,112.0,,
888,1654.0,112.0,,
918,1674.0,112.0,,
948,1694.0,112.0,,
1008,1754.0,112.0,,
1038,1774.0,112.0,,
1068,1794.0,112.0,,
1098,1814.0,112.0,,
1128,1834.0,112.0,,
1158,1874.0,112.0,,
1188,1894.0,112.0,,
1218,1914.0,112.0,,
1248,1934.0,112.0,,
1308,1954.0,112.0,,
1338,1974.0,112.0,,
1368,2014.0,112.0,,
1398,2034.0,112.0,,
1428,2054.0,112.0,,
1458,2074.0,112.0,,
1488,2094.0,112.0,,
1518,2134.0,112.0,,
1578,2154.0,112.0,,
1608,2174.0,112.0,,
1638,2194.0,112.0,,
1668,2214.0,112.0,,
1698,2234.0,112.0,,
1728,2274.0,112.0,,
1758,2294.0,112.0,,
1788,2314.0,112.0,,
1818,2334.0,112.0,,
1878,2354.0,112.0,,
1908,2374.0,112.0,,
654,14.0,132.0,,
2058,34.0,132.0,,
2322,54.0,132.0,,
2586,74.0,132.0,,
2850,94.0,132.0,,
180,114.0,132.0,,
740,154.0,132.0,,
980,174.0,132.0,,
1280,194.0,132.0,,
1550,214.0,132.0,,
1850,234.0,132.0,,
1940,254.0,132.0,,
1970,294.0,132.0,,
2000,314.0,132.0,,
2030,334.0,132.0,,
2084,354.0,132.0,,
2114,374.0,132.0,,
2144,414.0,132.0,,
2174,434.0,132.0,,
2204,454.0,132.0,,
2234,474.0,132.0,,
2264,494.0,132.0,,
2294,514.0,132.0,,
2348,554.0,132.0,,
2378,574.0,132.0,,
2408,594.0,132.0,,
2438,614.0,132.0,,
2468,634.0,132.0,,
2498,694.0,132.0,,
2528,714.0,132.0,,
2558,734.0,132.0,,
2612,754.0,132.0,,
2642,774.0,132.0,,
2672,814.0,132.0,,
2702,834.0,132.0,,
2732,854.0,132.0,,
2762,874.0,132.0,,
2792,894.0,132.0,,
2822,914.0,132.0,,
2876,954.0,132.0,,
2906,974.0,132.0,,
2936,994.0,132.0,,
2,1014.0,132.0,,
32,1034.0,132.0,,
62,1074.0,132.0,,
92,1094.0,132.0,,
122,1114.0,132.0,,
152,1134.0,132.0,,
206,1154.0,132.0,,
236,1174.0,132.0,,
266,1214.0,132.0,,
296,1234.0,132.0,,
326,1254.0,132.0,,
356,1274.0,132.0,,
386,1294.0,132.0,,
416,1314.0,132.0,,
446,1354.0,132.0,,
476,1374.0,132.0,,
506,1394.0,132.0,,
536,1414.0,132.0,,
566,1434.0,132.0,,
596,1474.0,132.0,,
626,1494.0,132.0,,
680,1514.0,132.0,,
710,1534.0,132.0,,
770,1554.0,132.0,,
800,1574.0,132.0,,
830,1614.0,132.0,,
860,1634.0,132.0,,
890,1654.0,132.0,,
920,1674.0,132.0,,
950,1694.0,132.0,,
1010,1754.0,132.0,,
1040,1774.0,132.0,,
1070,1794.0,132.0,,
1100,1814.0,132.0,,
1130,1834.0,132.0,,
1160,1874.0,132.0,,
1190,1894.0,132.0,,
1220,1914.0,132.0,,
1250,1934.0,132.0,,
1310,1954.0,132.0,,
1340,1974.0,132.0,,
1370,2014.0,132.0,,
1400,2034.0,132.0,,
1430,2054.0,132.0,,
1460,2074.0,132.0,,
1490,2094.0,132.0,,
1520,2134.0,132.0,,
1580,2154.0,132.0,,
1610,2174.0,132.0,,
1640,2194.0,132.0,,
1670,2214.0,132.0,,
1700,2234.0,132.0,,
1730,2274.0,132.0,,
1760,2294.0,132.0,,
1790,2314.0,132.0,,
1820,2334.0,132.0,,
1880,2354.0,132.0,,
1910,2374.0,132.0,,
655,14.0,152.0,,
2059,34.0,152.0,,
2323,54.0,152.0,,
2587,74.0,152.0,,
2851,94.0,152.0,,
181,114.0,152.0,,
741,154.0,152.0,,
981,174.0,152.0,,
1281,194.0,152.0,,
1551,214.0,152.0,,
1851,234.0,152.0,,
1941,254.0,152.0,,
1971,294.0,152.0,,
2001,314.0,152.0,,
2031,334.0,152.0,,
2085,354.0,152.0,,
2115,374.0,152.0,,
2145,414.0,152.0,,
2175,434.0,152.0,,
2205,454.0,152.0,,
2235,474.0,152.0,,
2265,494.0,152.0,,
2295,514.0,152.0,,
2349,554.0,152.0,,
2379,574.0,152.0,,
2409,594.0,152.0,,
2439,614.0,152.0,,
2469,634.0,152.0,,
2499,694.0,152.0,,
2529,714.0,152.0,,
2559,734.0,152.0,,
2613,754.0,152.0,,
2643,774.0,152.0,,
2673,814.0,152.0,,
2703,834.0,152.0,,
2733,854.0,152.0,,
2763,874.0,152.0,,
2793,894.0,152.0,,
2823,914.0,152.0,,
2877,954.0,152.0,,
2907,974.0,152.0,,
2937,994.0,152.0,,
3,1014.0,152.0,,
33,1034.0,152.0,,
63,1074.0,152.0,,
93,1094.0,152.0,,
123,1114.0,152.0,,
153,1134.0,152.0,,
207,1154.0,152.0,,
237,1174.0,152.0,,
267,1214.0,152.0,,
297,1234.0,152.0,,
327,1254.0,152.0,,
357,1274.0,152.0,,
387,1294.0,152.0,,
417,1314.0,152.0,,
447,1354.0,152.0,,
477,1374.0,152.0,,
507,1394.0,152.0,,
537,1414.0,152.0,,
567,1434.0,152.0,,
597,1474.0,152.0,,
627,1494.0,152.0,,
681,1514.0,152.0,,
711,1534.0,152.0,,
771,1554.0,152.0,,
801,1574.0,152.0,,
831,1614.0,152.0,,
861,1634.0,152.0,,
891,1654.0,152.0,,
921,1674.0,152.0,,
951,1694.0,152.0,,
1011,1754.0,152.0,,
1041,1774.0,152.0,,
1071,1794.0,152.0,,
1101,1814.0,152.0,,
1131,1834.0,152.0,,
1161,1874.0,152.0,,
1191,1894.0,152.0,,
1221,1914.0,152.0,,
1251,1934.0,152.0,,
1311,1954.0,152.0,,
1341,1974.0,152.0,,
1371,2014.0,152.0,,
1401,2034.0,152.0,,
1431,2054.0,152.0,,
1461,2074.0,152.0,,
1491,2094.0,152.0,,
1521,2134.0,152.0,,
1581,2154.0,152.0,,
1611,2174.0,152.0,,
1641,2194.0,152.0,,
1671,2214.0,152.0,,
1701,2234.0,152.0,,
1731,2274.0,152.0,,
1761,2294.0,152.0,,
1791,2314.0,152.0,,
1821,2334.0,152.0,,
1881,2354.0,152.0,,
1911,2374.0,152.0,,
656,14.0,172.0,,
2060,34.0,172.0,,
2324,54.0,172.0,,
2588,74.0,172.0,,
2852,94.0,172.0,,
182,114.0,172.0,,
742,154.0,172.0,,
982,174.0,172.0,,
1282,194.0,172.0,,
1552,214.0,172.0,,
1852,234.0,172.0,,
1942,254.0,172.0,,
1972,294.0,172.0,,
2002,314.0,172.0,,
2032,334.0,172.0,,
2086,354.0,172.0,,
2116,374.0,172.0,,
2146,414.0,172.0,,
2176,434.0,172.0,,
2206,454.0,172.0,,
2236,474.0,172.0,,
2266,494.0,172.0,,
2296,514.0,172.0,,
2350,554.0,172.0,,
2380,574.0,172.0,,
2410,594.0,172.0,,
2440,614.0,172.0,,
2470,634.0,172.0,,
2500,694.0,172.0,,
2530,714.0,172.0,,
2560,734.0,172.0,,
2614,754.0,172.0,,
2644,774.0,172.0,,
2674,814.0,172.0,,
2704,834.0,172.0,,
2734,854.0,172.0,,
2764,874.0,172.0,,
2794,894.0,172.0,,
2824,914.0,172.0,,
2878,954.0,172.0,,
2908,974.0,172.0,,
2938,994.0,172.0,,
4,1014.0,172.0,,
34,1034.0,172.0,,
64,1074.0,172.0,,
94,1094.0,172.0,,
124,1114.0,172.0,,
154,1134.0,172.0,,
208,1154.0,172.0,,
238,1174.0,172.0,,
268,1214.0,172.0,,
298,1234.0,172.0,,
328,1254.0,172.0,,
358,1274.0,172.0,,
388,1294.0,172.0,,
418,1314.0,172.0,,
448,1354.0,172.0,,
478,1374.0,172.0,,
508,1394.0,172.0,,
538,1414.0,172.0,,
568,1434.0,172.0,,
598,1474.0,172.0,,
628,1494.0,172.0,,
682,1514.0,172.0,,
712,1534.0,172.0,,
772,1554.0,172.0,,
802,1574.0,172.0,,
832,1614.0,172.0,,
862,1634.0,172.0,,
892,1654.0,172.0,,
922,1674.0,172.0,,
952,1694.0,172.0,,
1012,1754.0,172.0,,
1042,1774.0,172.0,,
1072,1794.0,172.0,,
1102,1814.0,172.0,,
1132,1834.0,172.0,,
1162,1874.0,172.0,,
1192,1894.0,172.0,,
1222,1914.0,172.0,,
1252,1934.0,172.0,,
1312,1954.0,172.0,,
1342,1974.0,172.0,,
1372,2014.0,172.0,,
1402,2034.0,172.0,,
1432,2054.0,172.0,,
1462,2074.0,172.0,,
1492,2094.0,172.0,,
1522,2134.0,172.0,,
1582,2154.0,172.0,,
1612,2174.0,172.0,,
1642,2194.0,172.0,,
1672,2214.0,172.0,,
1702,2234.0,172.0,,
1732,2274.0,172.0,,
1762,2294.0,172.0,,
1792,2314.0,172.0,,
1822,2334.0,172.0,,
1882,2354.0,172.0,,
1912,2374.0,172.0,,
657,14.0,192.0,,
2061,34.0,192.0,,
2325,54.0,192.0,,
2589,74.0,192.0,,
2853,94.0,192.0,,
183,114.0,192.0,,
743,154.0,192.0,,
983,174.0,192.0,,
1283,194.0,192.0,,
1553,214.0,192.0,,
1853,234.0,192.0,,
1943,254.0,192.0,,
1973,294.0,192.0,,
2003,314.0,192.0,,
2033,334.0,192.0,,
2087,354.0,192.0,,
2117,374.0,192.0,,
2147,414.0,192.0,,
2177,434.0,192.0,,
2207,454.0,192.0,,
2237,474.0,192.0,,
2267,494.0,192.0,,
2297,514.0,192.0,,
2351,554.0,192.0,,
2381,574.0,192.0,,
2411,594.0,192.0,,
2441,614.0,192.0,,
2471,634.0,192.0,,
2501,694.0,192.0,,
2531,714.0,192.0,,
2561,734.0,192.0,,
2615,754.0,192.0,,
2645,774.0,192.0,,
2675,814.0,192.0,,
2705,834.0,192.0,,
2735,854.0,192.0,,
2765,874.0,192.0,,
2795,894.0,192.0,,
2825,914.0,192.0,,
2879,954.0,192.0,,
2909,974.0,192.0,,
2939,994.0,192.0,,
5,1014.0,192.0,,
35,1034.0,192.0,,
65,1074.0,192.0,,
95,1094.0,192.0,,
125,1114.0,192.0,,
155,1134.0,192.0,,
209,1154.0,192.0,,
239,1174.0,192.0,,
269,1214.0,192.0,,
299,1234.0,192.0,,
329,1254.0,192.0,,
359,1274.0,192.0,,
389,1294.0,192.0,,
419,1314.0,192.0,,
449,1354.0,192.0,,
479,1374.0,192.0,,
509,1394.0,192.0,,
539,1414.0,192.0,,
569,1434.0,192.0,,
599,1474.0,192.0,,
629,1494.0,192.0,,
683,1514.0,192.0,,
713,1534.0,192.0,,
773,1554.0,192.0,,
803,1574.0,192.0,,
833,1614.0,192.0,,
863,1634.0,192.0,,
893,1654.0,192.0,,
923,1674.0,192.0,,
953,1694.0,192.0,,
1013,1754.0,192.0,,
1043,1774.0,192.0,,
1073,1794.0,192.0,,
1103,1814.0,192.0,,
1133,1834.0,192.0,,
1163,1874.0,192.0,,
1193,1894.0,192.0,,
1223,1914.0,192.0,,
1253,1934.0,192.0,,
1313,1954.0,192.0,,
1343,1974.0,192.0,,
1373,2014.0,192.0,,
1403,2034.0,192.0,,
1433,2054.0,192.0,,
1463,2074.0,192.0,,
1493,2094.0,192.0,,
1523,2134.0,192.0,,
1583,2154.0,192.0,,
1613,2174.0,192.0,,
1643,2194.0,192.0,,
1673,2214.0,192.0,,
1703,2234.0,192.0,,
1733,2274.0,192.0,,
1763,2294.0,192.0,,
1793,2314.0,192.0,,
1823,2334.0,192.0,,
1883,2354.0,192.0,,
1913,2374.0,192.0,,
658,14.0,212.0,,
2062,34.0,212.0,,
2326,54.0,212.0,,
2590,74.0,212.0,,
2854,94.0,212.0,,
184,114.0,212.0,,
744,154.0,212.0,,
984,174.0,212.0,,
1284,194.0,212.0,,
1554,214.0,212.0,,
1854,234.0,212.0,,
1944,254.0,212.0,,
1974,294.0,212.0,,
2004,314.0,212.0,,
2034,334.0,212.0,,
2088,354.0,212.0,,
2118,374.0,212.0,,
2148,414.0,212.0,,
2178,434.0,212.0,,
2208,454.0,212.0,,
2238,474.0,212.0,,
2268,494.0,212.0,,
2298,514.0,212.0,,
2352,554.0,212.0,,
2382,574.0,212.0,,
2412,594.0,212.0,,
2442,614.0,212.0,,
2472,634.0,212.0,,
2502,694.0,212.0,,
2532,714.0,212.0,,
2562,734.0,212.0,,
2616,754.0,212.0,,
2646,774.0,212.0,,
2676,814.0,212.0,,
2706,834.0,212.0,,
2736,854.0,212.0,,
2766,874.0,212.0,,
2796,894.0,212.0,,
2826,914.0,212.0,,
2880,954.0,212.0,,
2910,974.0,212.0,,
2940,994.0,212.0,,
6,1014.0,212.0,,
36,1034.0,212.0,,
66,1074.0,212.0,,
96,1094.0,212.0,,
126,1114.0,212.0,,
156,1134.0,212.0,,
210,1154.0,212.0,,
240,1174.0,212.0,,
270,1214.0,212.0,,
300,1234.0,212.0,,
330,1254.0,212.0,,
360,1274.0,212.0,,
390,1294.0,212.0,,
420,1314.0,212.0,,
450,1354.0,212.0,,
480,1374.0,212.0,,
510,1394.0,212.0,,
540,1414.0,212.0,,
570,1434.0,212.0,,
600,1474.0,212.0,,
630,1494.0,212.0,,
684,1514.0,212.0,,
714,1534.0,212.0,,
774,1554.0,212.0,,
804,1574.0,212.0,,
834,1614.0,212.0,,
864,1634.0,212.0,,
894,1654.0,212.0,,
924,1674.0,212.0,,
954,1694.0,212.0,,
1014,1754.0,212.0,,
1044,1774.0,212.0,,
1074,1794.0,212.0,,
1104,1814.0,212.0,,
1134,1834.0,212.0,,
1164,1874.0,212.0,,
1194,1894.0,212.0,,
1224,1914.0,212.0,,
1254,1934.0,212.0,,
1314,1954.0,212.0,,
1344,1974.0,212.0,,
1374,2014.0,212.0,,
1404,2034.0,212.0,,
1434,2054.0,212.0,,
1464,2074.0,212.0,,
1494,2094.0,212.0,,
1524,2134.0,212.0,,
1584,2154.0,212.0,,
1614,2174.0,212.0,,
1644,2194.0,212.0,,
1674,2214.0,212.0,,
1704,2234.0,212.0,,
1734,2274.0,212.0,,
1764,2294.0,212.0,,
1794,2314.0,212.0,,
1824,2334.0,212.0,,
1884,2354.0,212.0,,
1914,2374.0,212.0,,
659,14.0,232.0,,
2063,34.0,232.0,,
2327,54.0,232.0,,
2591,74.0,232.0,,
2855,94.0,232.0,,
185,114.0,232.0,,
745,154.0,232.0,,
985,174.0,232.0,,
1285,194.0,232.0,,
1555,214.0,232.0,,
1855,234.0,232.0,,
1945,254.0,232.0,,
1975,294.0,232.0,,
2005,314.0,232.0,,
2035,334.0,232.0,,
2089,354.0,232.0,,
2119,374.0,232.0,,
2149,414.0,232.0,,
2179,434.0,232.0,,
2209,454.0,232.0,,
2239,474.0,232.0,,
2269,494.0,232.0,,
2299,514.0,232.0,,
2353,554.0,232.0,,
2383,574.0,232.0,,
2413,594.0,232.0,,
2443,614.0,232.0,,
2473,634.0,232.0,,
2503,694.0,232.0,,
2533,714.0,232.0,,
2563,734.0,232.0,,
2617,754.0,232.0,,
2647,774.0,232.0,,
2677,814.0,232.0,,
2707,834.0,232.0,,
2737,854.0,232.0,,
2767,874.0,232.0,,
2797,894.0,232.0,,
2827,914.0,232.0,,
2881,954.0,232.0,,
2911,974.0,232.0,,
2941,994.0,232.0,,
7,1014.0,232.0,,
37,1034.0,232.0,,
67,1074.0,232.0,,
97,1094.0,232.0,,
127,1114.0,232.0,,
157,1134.0,232.0,,
211,1154.0,232.0,,
241,1174.0,232.0,,
271,1214.0,232.0,,
301,1234.0,232.0,,
331,1254.0,232.0,,
361,1274.0,232.0,,
391,1294.0,232.0,,
421,1314.0,232.0,,
451,1354.0,232.0,,
481,1374.0,232.0,,
511,1394.0,232.0,,
541,1414.0,232.0,,
571,1434.0,232.0,,
601,1474.0,232.0,,
631,1494.0,232.0,,
685,1514.0,232.0,,
715,1534.0,232.0,,
775,1554.0,232.0,,
805,1574.0,232.0,,
835,1614.0,232.0,,
865,1634.0,232.0,,
895,1654.0,232.0,,
925,1674.0,232.0,,
955,1694.0,232.0,,
1015,1754.0,232.0,,
1045,1774.0,232.0,,
1075,1794.0,232.0,,
1105,1814.0,232.0,,
1135,1834.0,232.0,,
1165,1874.0,232.0,,
1195,1894.0,232.0,,
1225,1914.0,232.0,,
1255,1934.0,232.0,,
1315,1954.0,232.0,,
1345,1974.0,232.0,,
1375,2014.0,232.0,,
1405,2034.0,232.0,,
1435,2054.0,232.0,,
1465,2074.0,232.0,,
1495,2094.0,232.0,,
1525,2134.0,232.0,,
1585,2154.0,232.0,,
1615,2174.0,232.0,,
1645,2194.0,232.0,,
1675,2214.0,232.0,,
1705,2234.0,232.0,,
1735,2274.0,232.0,,
1765,2294.0,232.0,,
1795,2314.0,232.0,,
1825,2334.0,232.0,,
1885,2354.0,232.0,,
1915,2374.0,232.0,,
660,14.0,252.0,,
2064,34.0,252.0,,
2328,54.0,252.0,,
2592,74.0,252.0,,
2856,94.0,252.0,,
186,114.0,252.0,,
746,154.0,252.0,,
986,174.0,252.0,,
1286,194.0,252.0,,
1556,214.0,252.0,,
1856,234.0,252.0,,
1946,254.0,252.0,,
1976,294.0,252.0,,
2006,314.0,252.0,,
2036,334.0,252.0,,
2090,354.0,252.0,,
2120,374.0,252.0,,
2150,414.0,252.0,,
2180,434.0,252.0,,
2210,454.0,252.0,,
2240,474.0,252.0,,
2270,494.0,252.0,,
2300,514.0,252.0,,
2354,554.0,252.0,,
2384,574.0,252.0,,
2414,594.0,252.0,,
2444,614.0,252.0,,
2474,634.0,252.0,,
2504,694.0,252.0,,
2534,714.0,252.0,,
2564,734.0,252.0,,
2618,754.0,252.0,,
2648,774.0,252.0,,
2678,814.0,252.0,,
2708,834.0,252.0,,
2738,854.0,252.0,,
2768,874.0,252.0,,
2798,894.0,252.0,,
2828,914.0,252.0,,
2882,954.0,252.0,,
2912,974.0,252.0,,
2942,994.0,252.0,,
8,1014.0,252.0,,
38,1034.0,252.0,,
68,1074.0,252.0,,
98,1094.0,252.0,,
128,1114.0,252.0,,
158,1134.0,252.0,,
212,1154.0,252.0,,
242,1174.0,252.0,,
272,1214.0,252.0,,
302,1234.0,252.0,,
332,1254.0,252.0,,
362,1274.0,252.0,,
392,1294.0,252.0,,
422,1314.0,252.0,,
452,1354.0,252.0,,
482,1374.0,252.0,,
512,1394.0,252.0,,
542,1414.0,252.0,,
572,1434.0,252.0,,
602,1474.0,252.0,,
632,1494.0,252.0,,
686,1514.0,252.0,,
716,1534.0,252.0,,
776,1554.0,252.0,,
806,1574.0,252.0,,
836,1614.0,252.0,,
866,1634.0,252.0,,
896,1654.0,252.0,,
926,1674.0,252.0,,
956,1694.0,252.0,,
1016,1754.0,252.0,,
1046,1774.0,252.0,,
1076,1794.0,252.0,,
1106,1814.0,252.0,,
1136,1834.0,252.0,,
1166,1874.0,252.0,,
1196,1894.0,252.0,,
1226,1914.0,252.0,,
1256,1934.0,252.0,,
1316,1954.0,252.0,,
1346,1974.0,252.0,,
1376,2014.0,252.0,,
1406,2034.0,252.0,,
1436,2054.0,252.0,,
1466,2074.0,252.0,,
1496,2094.0,252.0,,
1526,2134.0,252.0,,
1586,2154.0,252.0,,
1616,2174.0,252.0,,
1646,2194.0,252.0,,
1676,2214.0,252.0,,
1706,2234.0,252.0,,
1736,2274.0,252.0,,
1766,2294.0,252.0,,
1796,2314.0,252.0,,
1826,2334.0,252.0,,
1886,2354.0,252.0,,
1916,2374.0,252.0,,
661,14.0,272.0,,
2065,34.0,272.0,,
2329,54.0,272.0,,
2593,74.0,272.0,,
2857,94.0,272.0,,
187,114.0,272.0,,
747,154.0,272.0,,
987,174.0,272.0,,
1287,194.0,272.0,,
1557,214.0,272.0,,
1857,234.0,272.0,,
1947,254.0,272.0,,
1977,294.0,272.0,,
2007,314.0,272.0,,
2037,334.0,272.0,,
2091,354.0,272.0,,
2121,374.0,272.0,,
2151,414.0,272.0,,
2181,434.0,272.0,,
2211,454.0,272.0,,
2241,474.0,272.0,,
2271,494.0,272.0,,
2301,514.0,272.0,,
2355,554.0,272.0,,
2385,574.0,272.0,,
2415,594.0,272.0,,
2445,614.0,272.0,,
2475,634.0,272.0,,
2505,694.0,272.0,,
2535,714.0,272.0,,
2565,734.0,272.0,,
2619,754.0,272.0,,
2649,774.0,272.0,,
2679,814.0,272.0,,
2709,834.0,272.0,,
2739,854.0,272.0,,
2769,874.0,272.0,,
2799,894.0,272.0,,
2829,914.0,272.0,,
2883,954.0,272.0,,
2913,974.0,272.0,,
2943,994.0,272.0,,
9,1014.0,272.0,,
39,1034.0,272.0,,
69,1074.0,272.0,,
99,1094.0,272.0,,
129,1114.0,272.0,,
159,1134.0,272.0,,
213,1154.0,272.0,,
243,1174.0,272.0,,
273,1214.0,272.0,,
303,1234.0,272.0,,
333,1254.0,272.0,,
363,1274.0,272.0,,
393,1294.0,272.0,,
423,1314.0,272.0,,
453,1354.0,272.0,,
483,1374.0,272.0,,
513,1394.0,272.0,,
543,1414.0,272.0,,
573,1434.0,272.0,,
603,1474.0,272.0,,
633,1494.0,272.0,,
687,1514.0,272.0,,
717,1534.0,272.0,,
777,1554.0,272.0,,
807,1574.0,272.0,,
837,1614.0,272.0,,
867,1634.0,272.0,,
897,1654.0,272.0,,
927,1674.0,272.0,,
957,1694.0,272.0,,
1017,1754.0,272.0,,
1047,1774.0,272.0,,
1077,1794.0,272.0,,
1107,1814.0,272.0,,
1137,1834.0,272.0,,
1167,1874.0,272.0,,
1197,1894.0,272.0,,
1227,1914.0,272.0,,
1257,1934.0,272.0,,
1317,1954.0,272.0,,
1347,1974.0,272.0,,
1377,2014.0,272.0,,
1407,2034.0,272.0,,
1437,2054.0,272.0,,
1467,2074.0,272.0,,
1497,2094.0,272.0,,
1527,2134.0,272.0,,
1587,2154.0,272.0,,
1617,2174.0,272.0,,
1647,2194.0,272.0,,
1677,2214.0,272.0,,
1707,2234.0,272.0,,
1737,2274.0,272.0,,
1767,2294.0,272.0,,
1797,2314.0,272.0,,
1827,2334.0,272.0,,
1887,2354.0,272.0,,
1917,2374.0,272.0,,
662,14.0,292.0,,
2066,34.0,292.0,,
2330,54.0,292.0,,
2594,74.0,292.0,,
2858,94.0,292.0,,
188,114.0,292.0,,
748,154.0,292.0,,
988,174.0,292.0,,
1288,194.0,292.0,,
1558,214.0,292.0,,
1858,234.0,292.0,,
1948,254.0,292.0,,
1978,294.0,292.0,,
2008,314.0,292.0,,
2038,334.0,292.0,,
2092,354.0,292.0,,
2122,374.0,292.0,,
2152,414.0,292.0,,
2182,434.0,292.0,,
2212,454.0,292.0,,
2242,474.0,292.0,,
2272,494.0,292.0,,
2302,514.0,292.0,,
2356,554.0,292.0,,
2386,574.0,292.0,,
2416,594.0,292.0,,
2446,614.0,292.0,,
2476,634.0,292.0,,
2506,694.0,292.0,,
2536,714.0,292.0,,
2566,734.0,292.0,,
2620,754.0,292.0,,
2650,774.0,292.0,,
2680,814.0,292.0,,
2710,834.0,292.0,,
2740,854.0,292.0,,
2770,874.0,292.0,,
2800,894.0,292.0,,
2830,914.0,292.0,,
2884,954.0,292.0,,
2914,974.0,292.0,,
2944,994.0,292.0,,
10,1014.0,292.0,,
40,1034.0,292.0,,
70,1074.0,292.0,,
100,1094.0,292.0,,
130,1114.0,292.0,,
160,1134.0,292.0,,
214,1154.0,292.0,,
244,1174.0,292.0,,
274,1214.0,292.0,,
304,1234.0,292.0,,
334,1254.0,292.0,,
364,1274.0,292.0,,
394,1294.0,292.0,,
424,1314.0,292.0,,
454,1354.0,292.0,,
484,1374.0,292.0,,
514,1394.0,292.0,,
544,1414.0,292.0,,
574,1434.0,292.0,,
604,1474.0,292.0,,
634,1494.0,292.0,,
688,1514.0,292.0,,
718,1534.0,292.0,,
778,1554.0,292.0,,
808,1574.0,292.0,,
838,1614.0,292.0,,
868,1634.0,292.0,,
898,1654.0,292.0,,
928,1674.0,292.0,,
958,1694.0,292.0,,
1018,1754.0,292.0,,
1048,1774.0,292.0,,
1078,1794.0,292.0,,
1108,1814.0,292.0,,
1138,1834.0,292.0,,
1168,1874.0,292.0,,
1198,1894.0,292.0,,
1228,1914.0,292.0,,
1258,1934.0,292.0,,
1318,1954.0,292.0,,
1348,1974.0,292.0,,
1378,2014.0,292.0,,
1408,2034.0,292.0,,
1438,2054.0,292.0,,
1468,2074.0,292.0,,
1498,2094.0,292.0,,
1528,2134.0,292.0,,
1588,2154.0,292.0,,
1618,2174.0,292.0,,
1648,2194.0,292.0,,
1678,2214.0,292.0,,
1708,2234.0,292.0,,
1738,2274.0,292.0,,
1768,2294.0,292.0,,
1798,2314.0,292.0,,
1828,2334.0,292.0,,
1888,2354.0,292.0,,
1918,2374.0,292.0,,
663,14.0,312.0,,
2067,34.0,312.0,,
2331,54.0,312.0,,
2595,74.0,312.0,,
2859,94.0,312.0,,
189,114.0,312.0,,
749,154.0,312.0,,
989,174.0,312.0,,
1289,194.0,312.0,,
1559,214.0,312.0,,
1859,234.0,312.0,,
1949,254.0,312.0,,
1979,294.0,312.0,,
2009,314.0,312.0,,
2039,334.0,312.0,,
2093,354.0,312.0,,
2123,374.0,312.0,,
2153,414.0,312.0,,
2183,434.0,312.0,,
2213,454.0,312.0,,
2243,474.0,312.0,,
2273,494.0,312.0,,
2303,514.0,312.0,,
2357,554.0,312.0,,
2387,574.0,312.0,,
2417,594.0,312.0,,
2447,614.0,312.0,,
2477,634.0,312.0,,
2507,694.0,312.0,,
2537,714.0,312.0,,
2567,734.0,312.0,,
2621,754.0,312.0,,
2651,774.0,312.0,,
2681,814.0,312.0,,
2711,834.0,312.0,,
2741,854.0,312.0,,
2771,874.0,312.0,,
2801,894.0,312.0,,
2831,914.0,312.0,,
2885,954.0,312.0,,
2915,974.0,312.0,,
2945,994.0,312.0,,
11,1014.0,312.0,,
41,1034.0,312.0,,
71,1074.0,312.0,,
101,1094.0,312.0,,
131,1114.0,312.0,,
161,1134.0,312.0,,
215,1154.0,312.0,,
245,1174.0,312.0,,
275,1214.0,312.0,,
305,1234.0,312.0,,
335,1254.0,312.0,,
365,1274.0,312.0,,
395,1294.0,312.0,,
425,1314.0,312.0,,
455,1354.0,312.0,,
485,1374.0,312.0,,
515,1394.0,312.0,,
545,1414.0,312.0,,
575,1434.0,312.0,,
605,1474.0,312.0,,
635,1494.0,312.0,,
689,1514.0,312.0,,
719,1534.0,312.0,,
779,1554.0,312.0,,
809,1574.0,312.0,,
839,1614.0,312.0,,
869,1634.0,312.0,,
899,1654.0,312.0,,
929,1674.0,312.0,,
959,1694.0,312.0,,
1019,1754.0,312.0,,
1049,1774.0,312.0,,
1079,1794.0,312.0,,
1109,1814.0,312.0,,
1139,1834.0,312.0,,
1169,1874.0,312.0,,
1199,1894.0,312.0,,
1229,1914.0,312.0,,
1259,1934.0,312.0,,
1319,1954.0,312.0,,
1349,1974.0,312.0,,
1379,2014.0,312.0,,
1409,2034.0,312.0,,
1439,2054.0,312.0,,
1469,2074.0,312.0,,
1499,2094.0,312.0,,
1529,2134.0,312.0,,
1589,2154.0,312.0,,
1619,2174.0,312.0,,
1649,2194.0,312.0,,
1679,2214.0,312.0,,
1709,2234.0,312.0,,
1739,2274.0,312.0,,
1769,2294.0,312.0,,
1799,2314.0,312.0,,
1829,2334.0,312.0,,
1889,2354.0,312.0,,
1919,2374.0,312.0,,
664,14.0,332.0,,
2068,34.0,332.0,,
2332,54.0,332.0,,
2596,74.0,332.0,,
2860,94.0,332.0,,
190,114.0,332.0,,
751,154.0,332.0,,
991,174.0,332.0,,
1291,194.0,332.0,,
1561,214.0,332.0,,
1861,234.0,332.0,,
1951,254.0,332.0,,
1981,294.0,332.0,,
2011,314.0,332.0,,
2041,334.0,332.0,,
2095,354.0,332.0,,
2125,374.0,332.0,,
2155,414.0,332.0,,
2185,434.0,332.0,,
2215,454.0,332.0,,
2245,474.0,332.0,,
2275,494.0,332.0,,
2305,514.0,332.0,,
2359,554.0,332.0,,
2389,574.0,332.0,,
2419,594.0,332.0,,
2449,614.0,332.0,,
2479,634.0,332.0,,
2509,694.0,332.0,,
2539,714.0,332.0,,
2569,734.0,332.0,,
2623,754.0,332.0,,
2653,774.0,332.0,,
2683,814.0,332.0,,
2713,834.0,332.0,,
2743,854.0,332.0,,
2773,874.0,332.0,,
2803,894.0,332.0,,
2833,914.0,332.0,,
2887,954.0,332.0,,
2917,974.0,332.0,,
2947,994.0,332.0,,
13,1014.0,332.0,,
43,1034.0,332.0,,
73,1074.0,332.0,,
103,1094.0,332.0,,
133,1114.0,332.0,,
163,1134.0,332.0,,
217,1154.0,332.0,,
247,1174.0,332.0,,
277,1214.0,332.0,,
307,1234.0,332.0,,
337,1254.0,332.0,,
367,1274.0,332.0,,
397,1294.0,332.0,,
427,1314.0,332.0,,
457,1354.0,332.0,,
487,1374.0,332.0,,
517,1394.0,332.0,,
547,1414.0,332.0,,
577,1434.0,332.0,,
607,1474.0,332.0,,
637,1494.0,332.0,,
691,1514.0,332.0,,
721,1534.0,332.0,,
781,1554.0,332.0,,
811,1574.0,332.0,,
841,1614.0,332.0,,
871,1634.0,332.0,,
901,1654.0,332.0,,
931,1674.0,332.0,,
961,1694.0,332.0,,
1021,1754.0,332.0,,
1051,1774.0,332.0,,
1081,1794.0,332.0,,
1111,1814.0,332.0,,
1141,1834.0,332.0,,
1171,1874.0,332.0,,
1201,1894.0,332.0,,
1231,1914.0,332.0,,
1261,1934.0,332.0,,
1321,1954.0,332.0,,
1351,1974.0,332.0,,
1381,2014.0,332.0,,
1411,2034.0,332.0,,
1441,2054.0,332.0,,
1471,2074.0,332.0,,
1501,2094.0,332.0,,
1531,2134.0,332.0,,
1591,2154.0,332.0,,
1621,2174.0,332.0,,
1651,2194.0,332.0,,
1681,2214.0,332.0,,
1711,2234.0,332.0,,
1741,2274.0,332.0,,
1771,2294.0,332.0,,
1801,2314.0,332.0,,
1831,2334.0,332.0,,
1891,2354.0,332.0,,
1921,2374.0,332.0,,
665,14.0,352.0,,
2069,34.0,352.0,,
2333,54.0,352.0,,
2597,74.0,352.0,,
2861,94.0,352.0,,
191,114.0,352.0,,
752,154.0,352.0,,
992,174.0,352.0,,
1292,194.0,352.0,,
1562,214.0,352.0,,
1862,234.0,352.0,,
1952,254.0,352.0,,
1982,294.0,352.0,,
2012,314.0,352.0,,
2042,334.0,352.0,,
2096,354.0,352.0,,
2126,374.0,352.0,,
2156,414.0,352.0,,
2186,434.0,352.0,,
2216,454.0,352.0,,
2246,474.0,352.0,,
2276,494.0,352.0,,
2306,514.0,352.0,,
2360,554.0,352.0,,
2390,574.0,352.0,,
2420,594.0,352.0,,
2450,614.0,352.0,,
2480,634.0,352.0,,
2510,694.0,352.0,,
2540,714.0,352.0,,
2570,734.0,352.0,,
2624,754.0,352.0,,
2654,774.0,352.0,,
2684,814.0,352.0,,
2714,834.0,352.0,,
2744,854.0,352.0,,
2774,874.0,352.0,,
2804,894.0,352.0,,
2834,914.0,352.0,,
2888,954.0,352.0,,
2918,974.0,352.0,,
2948,994.0,352.0,,
14,1014.0,352.0,,
44,1034.0,352.0,,
74,1074.0,352.0,,
104,1094.0,352.0,,
134,1114.0,352.0,,
164,1134.0,352.0,,
218,1154.0,352.0,,
248,1174.0,352.0,,
278,1214.0,352.0,,
308,1234.0,352.0,,
338,1254.0,352.0,,
368,1274.0,352.0,,
398,1294.0,352.0,,
428,1314.0,352.0,,
458,1354.0,352.0,,
488,1374.0,352.0,,
518,1394.0,352.0,,
548,1414.0,352.0,,
578,1434.0,352.0,,
608,1474.0,352.0,,
638,1494.0,352.0,,
692,1514.0,352.0,,
722,1534.0,352.0,,
782,1554.0,352.0,,
812,1574.0,352.0,,
842,1614.0,352.0,,
872,1634.0,352.0,,
902,1654.0,352.0,,
932,1674.0,352.0,,
962,1694.0,352.0,,
1022,1754.0,352.0,,
1052,1774.0,352.0,,
1082,1794.0,352.0,,
1112,1814.0,352.0,,
1142,1834.0,352.0,,
1172,1874.0,352.0,,
1202,1894.0,352.0,,
1232,1914.0,352.0,,
1262,1934.0,352.0,,
1322,1954.0,352.0,,
1352,1974.0,352.0,,
1382,2014.0,352.0,,
1412,2034.0,352.0,,
1442,2054.0,352.0,,
1472,2074.0,352.0,,
1502,2094.0,352.0,,
1532,2134.0,352.0,,
1592,2154.0,352.0,,
1622,2174.0,352.0,,
1652,2194.0,352.0,,
1682,2214.0,352.0,,
1712,2234.0,352.0,,
1742,2274.0,352.0,,
1772,2294.0,352.0,,
1802,2314.0,352.0,,
1832,2334.0,352.0,,
1892,2354.0,352.0,,
1922,2374.0,352.0,,
666,14.0,372.0,,
2070,34.0,372.0,,
2334,54.0,372.0,,
2598,74.0,372.0,,
2862,94.0,372.0,,
192,114.0,372.0,,
753,154.0,372.0,,
993,174.0,372.0,,
1293,194.0,372.0,,
1563,214.0,372.0,,
1863,234.0,372.0,,
1953,254.0,372.0,,
1983,294.0,372.0,,
2013,314.0,372.0,,
2043,334.0,372.0,,
2097,354.0,372.0,,
2127,374.0,372.0,,
2157,414.0,372.0,,
2187,434.0,372.0,,
2217,454.0,372.0,,
2247,474.0,372.0,,
2277,494.0,372.0,,
2307,514.0,372.0,,
2361,554.0,372.0,,
2391,574.0,372.0,,
2421,594.0,372.0,,
2451,614.0,372.0,,
2481,634.0,372.0,,
2511,694.0,372.0,,
2541,714.0,372.0,,
2571,734.0,372.0,,
2625,754.0,372.0,,
2655,774.0,372.0,,
2685,814.0,372.0,,
2715,834.0,372.0,,
2745,854.0,372.0,,
2775,874.0,372.0,,
2805,894.0,372.0,,
2835,914.0,372.0,,
2889,954.0,372.0,,
2919,974.0,372.0,,
2949,994.0,372.0,,
15,1014.0,372.0,,
45,1034.0,372.0,,
75,1074.0,372.0,,
105,1094.0,372.0,,
135,1114.0,372.0,,
165,1134.0,372.0,,
219,1154.0,372.0,,
249,1174.0,372.0,,
279,1214.0,372.0,,
309,1234.0,372.0,,
339,1254.0,372.0,,
369,1274.0,372.0,,
399,1294.0,372.0,,
429,1314.0,372.0,,
459,1354.0,372.0,,
489,1374.0,372.0,,
519,1394.0,372.0,,
549,1414.0,372.0,,
579,1434.0,372.0,,
609,1474.0,372.0,,
639,1494.0,372.0,,
693,1514.0,372.0,,
723,1534.0,372.0,,
783,1554.0,372.0,,
813,1574.0,372.0,,
843,1614.0,372.0,,
873,1634.0,372.0,,
903,1654.0,372.0,,
933,1674.0,372.0,,
963,1694.0,372.0,,
1023,1754.0,372.0,,
1053,1774.0,372.0,,
1083,1794.0,372.0,,
1113,1814.0,372.0,,
1143,1834.0,372.0,,
1173,1874.0,372.0,,
1203,1894.0,372.0,,
1233,1914.0,372.0,,
1263,1934.0,372.0,,
1323,1954.0,372.0,,
1353,1974.0,372.0,,
1383,2014.0,372.0,,
1413,2034.0,372.0,,
1443,2054.0,372.0,,
1473,2074.0,372.0,,
1503,2094.0,372.0,,
1533,2134.0,372.0,,
1593,2154.0,372.0,,
1623,2174.0,372.0,,
1653,2194.0,372.0,,
1683,2214.0,372.0,,
1713,2234.0,372.0,,
1743,2274.0,372.0,,
1773,2294.0,372.0,,
1803,2314.0,372.0,,
1833,2334.0,372.0,,
1893,2354.0,372.0,,
1923,2374.0,372.0,,
667,14.0,392.0,,
2071,34.0,392.0,,
2335,54.0,392.0,,
2599,74.0,392.0,,
2863,94.0,392.0,,
193,114.0,392.0,,
754,154.0,392.0,,
994,174.0,392.0,,
1294,194.0,392.0,,
1564,214.0,392.0,,
1864,234.0,392.0,,
1954,254.0,392.0,,
1984,294.0,392.0,,
2014,314.0,392.0,,
2044,334.0,392.0,,
2098,354.0,392.0,,
2128,374.0,392.0,,
2158,414.0,392.0,,
2188,434.0,392.0,,
2218,454.0,392.0,,
2248,474.0,392.0,,
2278,494.0,392.0,,
2308,514.0,392.0,,
2362,554.0,392.0,,
2392,574.0,392.0,,
2422,594.0,392.0,,
2452,614.0,392.0,,
2482,634.0,392.0,,
2512,694.0,392.0,,
2542,714.0,392.0,,
2572,734.0,392.0,,
2626,754.0,392.0,,
2656,774.0,392.0,,
2686,814.0,392.0,,
2716,834.0,392.0,,
2746,854.0,392.0,,
2776,874.0,392.0,,
2806,894.0,392.0,,
2836,914.0,392.0,,
2890,954.0,392.0,,
2920,974.0,392.0,,
2950,994.0,392.0,,
16,1014.0,392.0,,
46,1034.0,392.0,,
76,1074.0,392.0,,
106,1094.0,392.0,,
136,1114.0,392.0,,
166,1134.0,392.0,,
220,1154.0,392.0,,
250,1174.0,392.0,,
280,1214.0,392.0,,
310,1234.0,392.0,,
340,1254.0,392.0,,
370,1274.0,392.0,,
400,1294.0,392.0,,
430,1314.0,392.0,,
460,1354.0,392.0,,
490,1374.0,392.0,,
520,1394.0,392.0,,
550,1414.0,392.0,,
580,1434.0,392.0,,
610,1474.0,392.0,,
640,1494.0,392.0,,
694,1514.0,392.0,,
724,1534.0,392.0,,
784,1554.0,392.0,,
814,1574.0,392.0,,
844,1614.0,392.0,,
874,1634.0,392.0,,
904,1654.0,392.0,,
934,1674.0,392.0,,
964,1694.0,392.0,,
1024,1754.0,392.0,,
1054,1774.0,392.0,,
1084,1794.0,392.0,,
1114,1814.0,392.0,,
1144,1834.0,392.0,,
1174,1874.0,392.0,,
1204,1894.0,392.0,,
1234,1914.0,392.0,,
1264,1934.0,392.0,,
1324,1954.0,392.0,,
1354,1974.0,392.0,,
1384,2014.0,392.0,,
1414,2034.0,392.0,,
1444,2054.0,392.0,,
1474,2074.0,392.0,,
1504,2094.0,392.0,,
1534,2134.0,392.0,,
1594,2154.0,392.0,,
1624,2174.0,392.0,,
1654,2194.0,392.0,,
1684,2214.0,392.0,,
1714,2234.0,392.0,,
1744,2274.0,392.0,,
1774,2294.0,392.0,,
1804,2314.0,392.0,,
1834,2334.0,392.0,,
1894,2354.0,392.0,,
1924,2374.0,392.0,,
668,14.0,412.0,,
2072,34.0,412.0,,
2336,54.0,412.0,,
2600,74.0,412.0,,
2864,94.0,412.0,,
194,114.0,412.0,,
755,154.0,412.0,,
995,174.0,412.0,,
1295,194.0,412.0,,
1565,214.0,412.0,,
1865,234.0,412.0,,
1955,254.0,412.0,,
1985,294.0,412.0,,
2015,314.0,412.0,,
2045,334.0,412.0,,
2099,354.0,412.0,,
2129,374.0,412.0,,
2159,414.0,412.0,,
2189,434.0,412.0,,
2219,454.0,412.0,,
2249,474.0,412.0,,
2279,494.0,412.0,,
2309,514.0,412.0,,
2363,554.0,412.0,,
2393,574.0,412.0,,
2423,594.0,412.0,,
2453,614.0,412.0,,
2483,634.0,412.0,,
2513,694.0,412.0,,
2543,714.0,412.0,,
2573,734.0,412.0,,
2627,754.0,412.0,,
2657,774.0,412.0,,
2687,814.0,412.0,,
2717,834.0,412.0,,
2747,854.0,412.0,,
2777,874.0,412.0,,
2807,894.0,412.0,,
2837,914.0,412.0,,
2891,954.0,412.0,,
2921,974.0,412.0,,
2951,994.0,412.0,,
17,1014.0,412.0,,
47,1034.0,412.0,,
77,1074.0,412.0,,
107,1094.0,412.0,,
137,1114.0,412.0,,
167,1134.0,412.0,,
221,1154.0,412.0,,
251,1174.0,412.0,,
281,1214.0,412.0,,
311,1234.0,412.0,,
341,1254.0,412.0,,
371,1274.0,412.0,,
401,1294.0,412.0,,
431,1314.0,412.0,,
461,1354.0,412.0,,
491,1374.0,412.0,,
521,1394.0,412.0,,
551,1414.0,412.0,,
581,1434.0,412.0,,
611,1474.0,412.0,,
641,1494.0,412.0,,
695,1514.0,412.0,,
725,1534.0,412.0,,
785,1554.0,412.0,,
815,1574.0,412.0,,
845,1614.0,412.0,,
875,1634.0,412.0,,
905,1654.0,412.0,,
935,1674.0,412.0,,
965,1694.0,412.0,,
1025,1754.0,412.0,,
1055,1774.0,412.0,,
1085,1794.0,412.0,,
1115,1814.0,412.0,,
1145,1834.0,412.0,,
1175,1874.0,412.0,,
1205,1894.0,412.0,,
1235,1914.0,412.0,,
1265,1934.0,412.0,,
1325,1954.0,412.0,,
1355,1974.0,412.0,,
1385,2014.0,412.0,,
1415,2034.0,412.0,,
1445,2054.0,412.0,,
1475,2074.0,412.0,,
1505,2094.0,412.0,,
1535,2134.0,412.0,,
1595,2154.0,412.0,,
1625,2174.0,412.0,,
1655,2194.0,412.0,,
1685,2214.0,412.0,,
1715,2234.0,412.0,,
1745,2274.0,412.0,,
1775,2294.0,412.0,,
1805,2314.0,412.0,,
1835,2334.0,412.0,,
1895,2354.0,412.0,,
1925,2374.0,412.0,,
669,14.0,432.0,,
2073,34.0,432.0,,
2337,54.0,432.0,,
2601,74.0,432.0,,
2865,94.0,432.0,,
195,114.0,432.0,,
756,154.0,432.0,,
996,174.0,432.0,,
1296,194.0,432.0,,
1566,214.0,432.0,,
1866,234.0,432.0,,
1956,254.0,432.0,,
1986,294.0,432.0,,
2016,314.0,432.0,,
2046,334.0,432.0,,
2100,354.0,432.0,,
2130,374.0,432.0,,
2160,414.0,432.0,,
2190,434.0,432.0,,
2220,454.0,432.0,,
2250,474.0,432.0,,
2280,494.0,432.0,,
2310,514.0,432.0,,
2364,554.0,432.0,,
2394,574.0,432.0,,
2424,594.0,432.0,,
2454,614.0,432.0,,
2484,634.0,432.0,,
2514,694.0,432.0,,
2544,714.0,432.0,,
2574,734.0,432.0,,
2628,754.0,432.0,,
2658,774.0,432.0,,
2688,814.0,432.0,,
2718,834.0,432.0,,
2748,854.0,432.0,,
2778,874.0,432.0,,
2808,894.0,432.0,,
2838,914.0,432.0,,
2892,954.0,432.0,,
2922,974.0,432.0,,
2952,994.0,432.0,,
18,1014.0,432.0,,
48,1034.0,432.0,,
78,1074.0,432.0,,
108,1094.0,432.0,,
138,1114.0,432.0,,
168,1134.0,432.0,,
222,1154.0,432.0,,
252,1174.0,432.0,,
282,1214.0,432.0,,
312,1234.0,432.0,,
342,1254.0,432.0,,
372,1274.0,432.0,,
402,1294.0,432.0,,
432,1314.0,432.0,,
462,1354.0,432.0,,
492,1374.0,432.0,,
522,1394.0,432.0,,
552,1414.0,432.0,,
582,1434.0,432.0,,
612,1474.0,432.0,,
642,1494.0,432.0,,
696,1514.0,432.0,,
726,1534.0,432.0,,
786,1554.0,432.0,,
816,1574.0,432.0,,
846,1614.0,432.0,,
876,1634.0,432.0,,
906,1654.0,432.0,,
936,1674.0,432.0,,
966,1694.0,432.0,,
1026,1754.0,432.0,,
1056,1774.0,432.0,,
1086,1794.0,432.0,,
1116,1814.0,432.0,,
1146,1834.0,432.0,,
1176,1874.0,432.0,,
1206,1894.0,432.0,,
1236,1914.0,432.0,,
1266,1934.0,432.0,,
1326,1954.0,432.0,,
1356,1974.0,432.0,,
1386,2014.0,432.0,,
1416,2034.0,432.0,,
1446,2054.0,432.0,,
1476,2074.0,432.0,,
1506,2094.0,432.0,,
1536,2134.0,432.0,,
1596,2154.0,432.0,,
1626,2174.0,432.0,,
1656,2194.0,432.0,,
1686,2214.0,432.0,,
1716,2234.0,432.0,,
1746,2274.0,432.0,,
1776,2294.0,432.0,,
1806,2314.0,432.0,,
1836,2334.0,432.0,,
1896,2354.0,432.0,,
1926,2374.0,432.0,,
670,14.0,452.0,,
2074,34.0,452.0,,
2338,54.0,452.0,,
2602,74.0,452.0,,
2866,94.0,452.0,,
196,114.0,452.0,,
757,154.0,452.0,,
997,174.0,452.0,,
1297,194.0,452.0,,
1567,214.0,452.0,,
1867,234.0,452.0,,
1957,254.0,452.0,,
1987,294.0,452.0,,
2017,314.0,452.0,,
2047,334.0,452.0,,
2101,354.0,452.0,,
2131,374.0,452.0,,
2161,414.0,452.0,,
2191,434.0,452.0,,
2221,454.0,452.0,,
2251,474.0,452.0,,
2281,494.0,452.0,,
2311,514.0,452.0,,
2365,554.0,452.0,,
2395,574.0,452.0,,
2425,594.0,452.0,,
2455,614.0,452.0,,
2485,634.0,452.0,,
2515,694.0,452.0,,
2545,714.0,452.0,,
2575,734.0,452.0,,
2629,754.0,452.0,,
2659,774.0,452.0,,
2689,814.0,452.0,,
2719,834.0,452.0,,
2749,854.0,452.0,,
2779,874.0,452.0,,
2809,894.0,452.0,,
2839,914.0,452.0,,
2893,954.0,452.0,,
2923,974.0,452.0,,
2953,994.0,452.0,,
19,1014.0,452.0,,
49,1034.0,452.0,,
79,1074.0,452.0,,
109,1094.0,452.0,,
139,1114.0,452.0,,
169,1134.0,452.0,,
223,1154.0,452.0,,
253,1174.0,452.0,,
283,1214.0,452.0,,
313,1234.0,452.0,,
343,1254.0,452.0,,
373,1274.0,452.0,,
403,1294.0,452.0,,
433,1314.0,452.0,,
463,1354.0,452.0,,
493,1374.0,452.0,,
523,1394.0,452.0,,
553,1414.0,452.0,,
583,1434.0,452.0,,
613,1474.0,452.0,,
643,1494.0,452.0,,
697,1514.0,452.0,,
727,1534.0,452.0,,
787,1554.0,452.0,,
817,1574.0,452.0,,
847,1614.0,452.0,,
877,1634.0,452.0,,
907,1654.0,452.0,,
937,1674.0,452.0,,
967,1694.0,452.0,,
1027,1754.0,452.0,,
1057,1774.0,452.0,,
1087,1794.0,452.0,,
1117,1814.0,452.0,,
1147,1834.0,452.0,,
1177,1874.0,452.0,,
1207,1894.0,452.0,,
1237,1914.0,452.0,,
1267,1934.0,452.0,,
1327,1954.0,452.0,,
1357,1974.0,452.0,,
1387,2014.0,452.0,,
1417,2034.0,452.0,,
1447,2054.0,452.0,,
1477,2074.0,452.0,,
1507,2094.0,452.0,,
1537,2134.0,452.0,,
1597,2154.0,452.0,,
1627,2174.0,452.0,,
1657,2194.0,452.0,,
1687,2214.0,452.0,,
1717,2234.0,452.0,,
1747,2274.0,452.0,,
1777,2294.0,452.0,,
1807,2314.0,452.0,,
1837,2334.0,452.0,,
1897,2354.0,452.0,,
1927,2374.0,452.0,,
671,14.0,472.0,,
2075,34.0,472.0,,
2339,54.0,472.0,,
2603,74.0,472.0,,
2867,94.0,472.0,,
197,114.0,472.0,,
758,154.0,472.0,,
998,174.0,472.0,,
1298,194.0,472.0,,
1568,214.0,472.0,,
1868,234.0,472.0,,
1958,254.0,472.0,,
1988,294.0,472.0,,
2018,314.0,472.0,,
2048,334.0,472.0,,
2102,354.0,472.0,,
2132,374.0,472.0,,
2162,414.0,472.0,,
2192,434.0,472.0,,
2222,454.0,472.0,,
2252,474.0,472.0,,
2282,494.0,472.0,,
2312,514.0,472.0,,
2366,554.0,472.0,,
2396,574.0,472.0,,
2426,594.0,472.0,,
2456,614.0,472.0,,
2486,634.0,472.0,,
2516,694.0,472.0,,
2546,714.0,472.0,,
2576,734.0,472.0,,
2630,754.0,472.0,,
2660,774.0,472.0,,
2690,814.0,472.0,,
2720,834.0,472.0,,
2750,854.0,472.0,,
2780,874.0,472.0,,
2810,894.0,472.0,,
2840,914.0,472.0,,
2894,954.0,472.0,,
2924,974.0,472.0,,
2954,994.0,472.0,,
20,1014.0,472.0,,
50,1034.0,472.0,,
80,1074.0,472.0,,
110,1094.0,472.0,,
140,1114.0,472.0,,
170,1134.0,472.0,,
224,1154.0,472.0,,
254,1174.0,472.0,,
284,1214.0,472.0,,
314,1234.0,472.0,,
344,1254.0,472.0,,
374,1274.0,472.0,,
404,1294.0,472.0,,
434,1314.0,472.0,,
464,1354.0,472.0,,
494,1374.0,472.0,,
524,1394.0,472.0,,
554,1414.0,472.0,,
584,1434.0,472.0,,
614,1474.0,472.0,,
644,1494.0,472.0,,
698,1514.0,472.0,,
728,1534.0,472.0,,
788,1554.0,472.0,,
818,1574.0,472.0,,
848,1614.0,472.0,,
878,1634.0,472.0,,
908,1654.0,472.0,,
938,1674.0,472.0,,
968,1694.0,472.0,,
1028,1754.0,472.0,,
1058,1774.0,472.0,,
1088,1794.0,472.0,,
1118,1814.0,472.0,,
1148,1834.0,472.0,,
1178,1874.0,472.0,,
1208,1894.0,472.0,,
1238,1914.0,472.0,,
1268,1934.0,472.0,,
1328,1954.0,472.0,,
1358,1974.0,472.0,,
1388,2014.0,472.0,,
1418,2034.0,472.0,,
1448,2054.0,472.0,,
1478,2074.0,472.0,,
1508,2094.0,472.0,,
1538,2134.0,472.0,,
1598,2154.0,472.0,,
1628,2174.0,472.0,,
1658,2194.0,472.0,,
1688,2214.0,472.0,,
1718,2234.0,472.0,,
1748,2274.0,472.0,,
1778,2294.0,472.0,,
1808,2314.0,472.0,,
1838,2334.0,472.0,,
1898,2354.0,472.0,,
1928,2374.0,472.0,,
672,14.0,492.0,,
2076,34.0,492.0,,
2340,54.0,492.0,,
2604,74.0,492.0,,
2868,94.0,492.0,,
198,114.0,492.0,,
759,154.0,492.0,,
999,174.0,492.0,,
1299,194.0,492.0,,
1569,214.0,492.0,,
1869,234.0,492.0,,
1959,254.0,492.0,,
1989,294.0,492.0,,
2019,314.0,492.0,,
2049,334.0,492.0,,
2103,354.0,492.0,,
2133,374.0,492.0,,
2163,414.0,492.0,,
2193,434.0,492.0,,
2223,454.0,492.0,,
2253,474.0,492.0,,
2283,494.0,492.0,,
2313,514.0,492.0,,
2367,554.0,492.0,,
2397,574.0,492.0,,
2427,594.0,492.0,,
2457,614.0,492.0,,
2487,634.0,492.0,,
2517,694.0,492.0,,
2547,714.0,492.0,,
2577,734.0,492.0,,
2631,754.0,492.0,,
2661,774.0,492.0,,
2691,814.0,492.0,,
2721,834.0,492.0,,
2751,854.0,492.0,,
2781,874.0,492.0,,
2811,894.0,492.0,,
2841,914.0,492.0,,
2895,954.0,492.0,,
2925,974.0,492.0,,
2955,994.0,492.0,,
21,1014.0,492.0,,
51,1034.0,492.0,,
81,1074.0,492.0,,
111,1094.0,492.0,,
141,1114.0,492.0,,
171,1134.0,492.0,,
225,1154.0,492.0,,
255,1174.0,492.0,,
285,1214.0,492.0,,
315,1234.0,492.0,,
345,1254.0,492.0,,
375,1274.0,492.0,,
405,1294.0,492.0,,
435,1314.0,492.0,,
465,1354.0,492.0,,
495,1374.0,492.0,,
525,1394.0,492.0,,
555,1414.0,492.0,,
585,1434.0,492.0,,
615,1474.0,492.0,,
645,1494.0,492.0,,
699,1514.0,492.0,,
729,1534.0,492.0,,
789,1554.0,492.0,,
819,1574.0,492.0,,
849,1614.0,492.0,,
879,1634.0,492.0,,
909,1654.0,492.0,,
939,1674.0,492.0,,
969,1694.0,492.0,,
1029,1754.0,492.0,,
1059,1774.0,492.0,,
1089,1794.0,492.0,,
1119,1814.0,492.0,,
1149,1834.0,492.0,,
1179,1874.0,492.0,,
1209,1894.0,492.0,,
1239,1914.0,492.0,,
1269,1934.0,492.0,,
1329,1954.0,492.0,,
1359,1974.0,492.0,,
1389,2014.0,492.0,,
1419,2034.0,492.0,,
1449,2054.0,492.0,,
1479,2074.0,492.0,,
1509,2094.0,492.0,,
1539,2134.0,492.0,,
1599,2154.0,492.0,,
1629,2174.0,492.0,,
1659,2194.0,492.0,,
1689,2214.0,492.0,,
1719,2234.0,492.0,,
1749,2274.0,492.0,,
1779,2294.0,492.0,,
1809,2314.0,492.0,,
1839,2334.0,492.0,,
1899,2354.0,492.0,,
1929,2374.0,492.0,,
673,14.0,512.0,,
2077,34.0,512.0,,
2341,54.0,512.0,,
2605,74.0,512.0,,
2869,94.0,512.0,,
199,114.0,512.0,,
760,154.0,512.0,,
1000,174.0,512.0,,
1300,194.0,512.0,,
1570,214.0,512.0,,
1870,234.0,512.0,,
1960,254.0,512.0,,
1990,294.0,512.0,,
2020,314.0,512.0,,
2050,334.0,512.0,,
2104,354.0,512.0,,
2134,374.0,512.0,,
2164,414.0,512.0,,
2194,434.0,512.0,,
2224,454.0,512.0,,
2254,474.0,512.0,,
2284,494.0,512.0,,
2314,514.0,512.0,,
2368,554.0,512.0,,
2398,574.0,512.0,,
2428,594.0,512.0,,
2458,614.0,512.0,,
2488,634.0,512.0,,
2518,694.0,512.0,,
2548,714.0,512.0,,
2578,734.0,512.0,,
2632,754.0,512.0,,
2662,774.0,512.0,,
2692,814.0,512.0,,
2722,834.0,512.0,,
2752,854.0,512.0,,
2782,874.0,512.0,,
2812,894.0,512.0,,
2842,914.0,512.0,,
2896,954.0,512.0,,
2926,974.0,512.0,,
2956,994.0,512.0,,
22,1014.0,512.0,,
52,1034.0,512.0,,
82,1074.0,512.0,,
112,1094.0,512.0,,
142,1114.0,512.0,,
172,1134.0,512.0,,
226,1154.0,512.0,,
256,1174.0,512.0,,
286,1214.0,512.0,,
316,1234.0,512.0,,
346,1254.0,512.0,,
376,1274.0,512.0,,
406,1294.0,512.0,,
436,1314.0,512.0,,
466,1354.0,512.0,,
496,1374.0,512.0,,
526,1394.0,512.0,,
556,1414.0,512.0,,
586,1434.0,512.0,,
616,1474.0,512.0,,
646,1494.0,512.0,,
700,1514.0,512.0,,
730,1534.0,512.0,,
790,1554.0,512.0,,
820,1574.0,512.0,,
850,1614.0,512.0,,
880,1634.0,512.0,,
910,1654.0,512.0,,
940,1674.0,512.0,,
970,1694.0,512.0,,
1030,1754.0,512.0,,
1060,1774.0,512.0,,
1090,1794.0,512.0,,
1120,1814.0,512.0,,
1150,1834.0,512.0,,
1180,1874.0,512.0,,
1210,1894.0,512.0,,
1240,1914.0,512.0,,
1270,1934.0,512.0,,
1330,1954.0,512.0,,
1360,1974.0,512.0,,
1390,2014.0,512.0,,
1420,2034.0,512.0,,
1450,2054.0,512.0,,
1480,2074.0,512.0,,
1510,2094.0,512.0,,
1540,2134.0,512.0,,
1600,2154.0,512.0,,
1630,2174.0,512.0,,
1660,2194.0,512.0,,
1690,2214.0,512.0,,
1720,2234.0,512.0,,
1750,2274.0,512.0,,
1780,2294.0,512.0,,
1810,2314.0,512.0,,
1840,2334.0,512.0,,
1900,2354.0,512.0,,
1930,2374.0,512.0,,
674,14.0,532.0,,
2078,34.0,532.0,,
2342,54.0,532.0,,
2606,74.0,532.0,,
2870,94.0,532.0,,
200,114.0,532.0,,
762,154.0,532.0,,
1002,174.0,532.0,,
1302,194.0,532.0,,
1572,214.0,532.0,,
1872,234.0,532.0,,
1962,254.0,532.0,,
1992,294.0,532.0,,
2022,314.0,532.0,,
2052,334.0,532.0,,
2106,354.0,532.0,,
2136,374.0,532.0,,
2166,414.0,532.0,,
2196,434.0,532.0,,
2226,454.0,532.0,,
2256,474.0,532.0,,
2286,494.0,532.0,,
2316,514.0,532.0,,
2370,554.0,532.0,,
2400,574.0,532.0,,
2430,594.0,532.0,,
2460,614.0,532.0,,
2490,634.0,532.0,,
2520,694.0,532.0,,
2550,714.0,532.0,,
2580,734.0,532.0,,
2634,754.0,532.0,,
2664,774.0,532.0,,
2694,814.0,532.0,,
2724,834.0,532.0,,
2754,854.0,532.0,,
2784,874.0,532.0,,
2814,894.0,532.0,,
2844,914.0,532.0,,
2898,954.0,532.0,,
2928,974.0,532.0,,
2958,994.0,532.0,,
24,1014.0,532.0,,
54,1034.0,532.0,,
84,1074.0,532.0,,
114,1094.0,532.0,,
144,1114.0,532.0,,
174,1134.0,532.0,,
228,1154.0,532.0,,
258,1174.0,532.0,,
288,1214.0,532.0,,
318,1234.0,532.0,,
348,1254.0,532.0,,
378,1274.0,532.0,,
408,1294.0,532.0,,
438,1314.0,532.0,,
468,1354.0,532.0,,
498,1374.0,532.0,,
528,1394.0,532.0,,
558,1414.0,532.0,,
588,1434.0,532.0,,
618,1474.0,532.0,,
648,1494.0,532.0,,
702,1514.0,532.0,,
732,1534.0,532.0,,
792,1554.0,532.0,,
822,1574.0,532.0,,
852,1614.0,532.0,,
882,1634.0,532.0,,
912,1654.0,532.0,,
942,1674.0,532.0,,
972,1694.0,532.0,,
1032,1754.0,532.0,,
1062,1774.0,532.0,,
1092,1794.0,532.0,,
1122,1814.0,532.0,,
1152,1834.0,532.0,,
1182,1874.0,532.0,,
1212,1894.0,532.0,,
1242,1914.0,532.0,,
1272,1934.0,532.0,,
1332,1954.0,532.0,,
1362,1974.0,532.0,,
1392,2014.0,532.0,,
1422,2034.0,532.0,,
1452,2054.0,532.0,,
1482,2074.0,532.0,,
1512,2094.0,532.0,,
1542,2134.0,532.0,,
1602,2154.0,532.0,,
1632,2174.0,532.0,,
1662,2194.0,532.0,,
1692,2214.0,532.0,,
1722,2234.0,532.0,,
1752,2274.0,532.0,,
1782,2294.0,532.0,,
1812,2314.0,532.0,,
1842,2334.0,532.0,,
1902,2354.0,532.0,,
1932,2374.0,532.0,,
675,14.0,552.0,,
2079,34.0,552.0,,
2343,54.0,552.0,,
2607,74.0,552.0,,
2871,94.0,552.0,,
201,114.0,552.0,,
763,154.0,552.0,,
1003,174.0,552.0,,
1303,194.0,552.0,,
1573,214.0,552.0,,
1873,234.0,552.0,,
1963,254.0,552.0,,
1993,294.0,552.0,,
2023,314.0,552.0,,
2053,334.0,552.0,,
2107,354.0,552.0,,
2137,374.0,552.0,,
2167,414.0,552.0,,
2197,434.0,552.0,,
2227,454.0,552.0,,
2257,474.0,552.0,,
2287,494.0,552.0,,
2317,514.0,552.0,,
2371,554.0,552.0,,
2401,574.0,552.0,,
2431,594.0,552.0,,
2461,614.0,552.0,,
2491,634.0,552.0,,
2521,694.0,552.0,,
2551,714.0,552.0,,
2581,734.0,552.0,,
2635,754.0,552.0,,
2665,774.0,552.0,,
2695,814.0,552.0,,
2725,834.0,552.0,,
2755,854.0,552.0,,
2785,874.0,552.0,,
2815,894.0,552.0,,
2845,914.0,552.0,,
2899,954.0,552.0,,
2929,974.0,552.0,,
2959,994.0,552.0,,
25,1014.0,552.0,,
55,1034.0,552.0,,
85,1074.0,552.0,,
115,1094.0,552.0,,
145,1114.0,552.0,,
175,1134.0,552.0,,
229,1154.0,552.0,,
259,1174.0,552.0,,
289,1214.0,552.0,,
319,1234.0,552.0,,
349,1254.0,552.0,,
379,1274.0,552.0,,
409,1294.0,552.0,,
439,1314.0,552.0,,
469,1354.0,552.0,,
499,1374.0,552.0,,
529,1394.0,552.0,,
559,1414.0,552.0,,
589,1434.0,552.0,,
619,1474.0,552.0,,
649,1494.0,552.0,,
703,1514.0,552.0,,
733,1534.0,552.0,,
793,1554.0,552.0,,
823,1574.0,552.0,,
853,1614.0,552.0,,
883,1634.0,552.0,,
913,1654.0,552.0,,
943,1674.0,552.0,,
973,1694.0,552.0,,
1033,1754.0,552.0,,
1063,1774.0,552.0,,
1093,1794.0,552.0,,
1123,1814.0,552.0,,
1153,1834.0,552.0,,
1183,1874.0,552.0,,
1213,1894.0,552.0,,
1243,1914.0,552.0,,
1273,1934.0,552.0,,
1333,1954.0,552.0,,
1363,1974.0,552.0,,
1393,2014.0,552.0,,
1423,2034.0,552.0,,
1453,2054.0,552.0,,
1483,2074.0,552.0,,
1513,2094.0,552.0,,
1543,2134.0,552.0,,
1603,2154.0,552.0,,
1633,2174.0,552.0,,
1663,2194.0,552.0,,
1693,2214.0,552.0,,
1723,2234.0,552.0,,
1753,2274.0,552.0,,
1783,2294.0,552.0,,
1813,2314.0,552.0,,
1843,2334.0,552.0,,
1903,2354.0,552.0,,
1933,2374.0,552.0,,
676,14.0,572.0,,
2080,34.0,572.0,,
2344,54.0,572.0,,
2608,74.0,572.0,,
2872,94.0,572.0,,
202,114.0,572.0,,
764,154.0,572.0,,
1004,174.0,572.0,,
1304,194.0,572.0,,
1574,214.0,572.0,,
1874,234.0,572.0,,
1964,254.0,572.0,,
1994,294.0,572.0,,
2024,314.0,572.0,,
2054,334.0,572.0,,
2108,354.0,572.0,,
2138,374.0,572.0,,
2168,414.0,572.0,,
2198,434.0,572.0,,
2228,454.0,572.0,,
2258,474.0,572.0,,
2288,494.0,572.0,,
2318,514.0,572.0,,
2372,554.0,572.0,,
2402,574.0,572.0,,
2432,594.0,572.0,,
2462,614.0,572.0,,
2492,634.0,572.0,,
2522,694.0,572.0,,
2552,714.0,572.0,,
2582,734.0,572.0,,
2636,754.0,572.0,,
2666,774.0,572.0,,
2696,814.0,572.0,,
2726,834.0,572.0,,
2756,854.0,572.0,,
2786,874.0,572.0,,
2816,894.0,572.0,,
2846,914.0,572.0,,
2900,954.0,572.0,,
2930,974.0,572.0,,
2960,994.0,572.0,,
26,1014.0,572.0,,
56,1034.0,572.0,,
86,1074.0,572.0,,
116,1094.0,572.0,,
146,1114.0,572.0,,
176,1134.0,572.0,,
230,1154.0,572.0,,
260,1174.0,572.0,,
290,1214.0,572.0,,
320,1234.0,572.0,,
350,1254.0,572.0,,
380,1274.0,572.0,,
410,1294.0,572.0,,
440,1314.0,572.0,,
470,1354.0,572.0,,
500,1374.0,572.0,,
530,1394.0,572.0,,
560,1414.0,572.0,,
590,1434.0,572.0,,
620,1474.0,572.0,,
650,1494.0,572.0,,
704,1514.0,572.0,,
734,1534.0,572.0,,
794,1554.0,572.0,,
824,1574.0,572.0,,
854,1614.0,572.0,,
884,1634.0,572.0,,
914,1654.0,572.0,,
944,1674.0,572.0,,
974,1694.0,572.0,,
1034,1754.0,572.0,,
1064,1774.0,572.0,,
1094,1794.0,572.0,,
1124,1814.0,572.0,,
1154,1834.0,572.0,,
1184,1874.0,572.0,,
1214,1894.0,572.0,,
1244,1914.0,572.0,,
1274,1934.0,572.0,,
1334,1954.0,572.0,,
1364,1974.0,572.0,,
1394,2014.0,572.0,,
1424,2034.0,572.0,,
1454,2054.0,572.0,,
1484,2074.0,572.0,,
1514,2094.0,572.0,,
1544,2134.0,572.0,,
1604,2154.0,572.0,,
1634,2174.0,572.0,,
1664,2194.0,572.0,,
1694,2214.0,572.0,,
1724,2234.0,572.0,,
1754,2274.0,572.0,,
1784,2294.0,572.0,,
1814,2314.0,572.0,,
1844,2334.0,572.0,,
1904,2354.0,572.0,,
1934,2374.0,572.0,,
677,14.0,592.0,,
2081,34.0,592.0,,
2345,54.0,592.0,,
2609,74.0,592.0,,
2873,94.0,592.0,,
203,114.0,592.0,,
765,154.0,592.0,,
1005,174.0,592.0,,
1305,194.0,592.0,,
1575,214.0,592.0,,
1875,234.0,592.0,,
1965,254.0,592.0,,
1995,294.0,592.0,,
2025,314.0,592.0,,
2055,334.0,592.0,,
2109,354.0,592.0,,
2139,374.0,592.0,,
2169,414.0,592.0,,
2199,434.0,592.0,,
2229,454.0,592.0,,
2259,474.0,592.0,,
2289,494.0,592.0,,
2319,514.0,592.0,,
2373,554.0,592.0,,
2403,574.0,592.0,,
2433,594.0,592.0,,
2463,614.0,592.0,,
2493,634.0,592.0,,
2523,694.0,592.0,,
2553,714.0,592.0,,
2583,734.0,592.0,,
2637,754.0,592.0,,
2667,774.0,592.0,,
2697,814.0,592.0,,
2727,834.0,592.0,,
2757,854.0,592.0,,
2787,874.0,592.0,,
2817,894.0,592.0,,
2847,914.0,592.0,,
2901,954.0,592.0,,
2931,974.0,592.0,,
2961,994.0,592.0,,
27,1014.0,592.0,,
57,1034.0,592.0,,
87,1074.0,592.0,,
117,1094.0,592.0,,
147,1114.0,592.0,,
177,1134.0,592.0,,
231,1154.0,592.0,,
261,1174.0,592.0,,
291,1214.0,592.0,,
321,1234.0,592.0,,
351,1254.0,592.0,,
381,1274.0,592.0,,
411,1294.0,592.0,,
441,1314.0,592.0,,
471,1354.0,592.0,,
501,1374.0,592.0,,
531,1394.0,592.0,,
561,1414.0,592.0,,
591,1434.0,592.0,,
621,1474.0,592.0,,
651,1494.0,592.0,,
705,1514.0,592.0,,
735,1534.0,592.0,,
795,1554.0,592.0,,
825,1574.0,592.0,,
855,1614.0,592.0,,
885,1634.0,592.0,,
915,1654.0,592.0,,
945,1674.0,592.0,,
975,1694.0,592.0,,
1035,1754.0,592.0,,
1065,1774.0,592.0,,
1095,1794.0,592.0,,
1125,1814.0,592.0,,
1155,1834.0,592.0,,
1185,1874.0,592.0,,
1215,1894.0,592.0,,
1245,1914.0,592.0,,
1275,1934.0,592.0,,
1335,1954.0,592.0,,
1365,1974.0,592.0,,
1395,2014.0,592.0,,
1425,2034.0,592.0,,
1455,2054.0,592.0,,
1485,2074.0,592.0,,
1515,2094.0,592.0,,
1545,2134.0,592.0,,
1605,2154.0,592.0,,
1635,2174.0,592.0,,
1665,2194.0,592.0,,
1695,2214.0,592.0,,
1725,2234.0,592.0,,
1755,2274.0,592.0,,
1785,2294.0,592.0,,
1815,2314.0,592.0,,
1845,2334.0,592.0,,
1905,2354.0,592.0,,
1935,2374.0,592.0,,
