VT("/I0/I17/I43<0>/InInt") (isig=3.5e-07) X,VT("/I0/I17/I43<0>/InInt") (isig=3.5e-07) Y,VT("/I0/I17/I43<0>/InInt") (isig=3.5e-08) X,VT("/I0/I17/I43<0>/InInt") (isig=3.5e-08) Y,VT("/I0/I17/I43<0>/InInt") (isig=8.5e-08) X,VT("/I0/I17/I43<0>/InInt") (isig=8.5e-08) Y
0,1.545270051560185e-06,0,1.545270051560185e-06,0,1.545270051560185e-06
1e-09,1.545270068954011e-06,1e-09,1.545270068954011e-06,1e-09,1.545270068954011e-06
3e-09,1.545270075342099e-06,3e-09,1.545270075342099e-06,3e-09,1.545270075342099e-06
7.000000000000001e-09,1.5452700714282e-06,7.000000000000001e-09,1.5452700714282e-06,7.000000000000001e-09,1.5452700714282e-06
1e-08,1.545270065005315e-06,1e-08,1.545270065005315e-06,1e-08,1.545270065005315e-06
1.001e-08,1.545270063801047e-06,1.001e-08,1.545270064783635e-06,1.001e-08,1.545270064627668e-06
1.003e-08,1.545270034194068e-06,1.003e-08,1.545270061776215e-06,1.003e-08,1.545270057482702e-06
1.012549356051905e-08,1.545270302006173e-06,1.033688430866485e-08,1.54526389527144e-06,1.025830971360016e-08,1.545268353526728e-06
1.021326109217433e-08,1.545274012842611e-06,1.058091363630812e-08,1.545214289278809e-06,1.042962363395072e-08,1.545246310388715e-06
1.033444456010789e-08,1.545279063393742e-06,1.079545681815406e-08,1.545086449119775e-06,1.06404796880645e-08,1.545110521039463e-06
1.047193653293409e-08,1.545217943427928e-06,1.101e-08,1.544826014016518e-06,1.082523984403225e-08,1.544793409419192e-06
1.061222812321656e-08,1.544926338522438e-06,1.102e-08,1.544810376696656e-06,1.101e-08,1.544196199904659e-06
1.075377337385421e-08,1.544174461320887e-06,1.104e-08,1.544777446898981e-06,1.102e-08,1.544155197314081e-06
1.090329984272198e-08,1.542614172779959e-06,1.117786923684872e-08,1.544507921311941e-06,1.104e-08,1.544068736413122e-06
1.101e-08,1.540893791710733e-06,1.137145019353313e-08,1.544012658529764e-06,1.113793992800777e-08,1.543584731498009e-06
1.102e-08,1.540703306286235e-06,1.1663685409477e-08,1.543149427646093e-06,1.126755317567907e-08,1.542773624291941e-06
1.104e-08,1.540299512121596e-06,1.197839589919802e-08,1.542322687803977e-06,1.149642226217444e-08,1.540925775369748e-06
1.109070158057156e-08,1.539186569808361e-06,1.229201876023978e-08,1.541773837356186e-06,1.173551718991386e-08,1.538621592800095e-06
1.115919513163063e-08,1.5374333444568e-06,1.26371094516897e-08,1.541454547313696e-06,1.195671357364629e-08,1.536251200968398e-06
1.127608024199464e-08,1.53367270928482e-06,1.304591516154426e-08,1.541147488299497e-06,1.218536303025306e-08,1.533393127538474e-06
1.141384030273303e-08,1.527811719063434e-06,1.344475627462847e-08,1.541020785133924e-06,1.237687571968275e-08,1.530800041396712e-06
1.15337636053073e-08,1.521218662300564e-06,1.372547532534285e-08,1.544102683865897e-06,1.252071924674945e-08,1.531086885469523e-06
1.162715838958882e-08,1.515531670579996e-06,1.396888398118005e-08,1.561339908127501e-06,1.267295408573097e-08,1.548727719298517e-06
1.171661329427861e-08,1.513401947771797e-06,1.413074318372787e-08,1.59518266328765e-06,1.275994048574363e-08,1.579146736579198e-06
1.177988363061203e-08,1.519628307769541e-06,1.430348984208361e-08,1.683912210274691e-06,1.284983600562534e-08,1.649107486235356e-06
1.184729873191063e-08,1.548230024831814e-06,1.444102296171852e-08,1.825821506980212e-06,1.292585683835134e-08,1.76404489763408e-06
1.190174823912608e-08,1.605535057462294e-06,1.45554920990543e-08,2.019741644992679e-06,1.299087000053615e-08,1.92670853098809e-06
1.19480853984959e-08,1.696431278515452e-06,1.466057996447519e-08,2.283506847351648e-06,1.305168623998837e-08,2.156618065417069e-06
1.199146561571581e-08,1.836270586926324e-06,1.475816380022128e-08,2.624434993121125e-06,1.310896570586232e-08,2.465417177703195e-06
1.203275776375606e-08,2.039473640391908e-06,1.484959994021692e-08,3.04869745457699e-06,1.316312080297567e-08,2.862565998187388e-06
1.207275805669588e-08,2.323787517049267e-06,1.493461825477244e-08,3.554400417633073e-06,1.321398826791055e-08,3.350709691466035e-06
1.211142493828789e-08,2.703455763411911e-06,1.501214312102916e-08,4.129132456464748e-06,1.326090320817558e-08,3.920462235659885e-06
1.214805415730668e-08,3.180621556993181e-06,1.50815723152656e-08,4.756248710224524e-06,1.330331720262143e-08,4.553453680409446e-06
1.218182991083646e-08,3.742540504039383e-06,1.514283631301322e-08,5.418370108230108e-06,1.334088606697554e-08,5.225075375552457e-06
1.221206180052187e-08,4.362594888266902e-06,1.519615622868718e-08,6.097197988684165e-06,1.33735590027547e-08,5.909034918011224e-06
1.22382430647822e-08,5.003438019222609e-06,1.524613597023001e-08,6.839246555372264e-06,1.340815737600413e-08,6.753500769809459e-06
1.226346220276202e-08,5.72630873829364e-06,1.532184621943475e-08,8.196062117245864e-06,1.344929281265392e-08,7.947037834350541e-06
1.229513770028099e-08,6.806270505512795e-06,1.538473875201103e-08,9.548328119669226e-06,1.349503898619565e-08,9.54890931385097e-06
1.232714885291375e-08,8.120131305700749e-06,1.545409338286511e-08,1.12672355573898e-05,1.354926874075296e-08,1.185258447481864e-05
1.236773866161133e-08,1.014941822307398e-05,1.552503368382137e-08,1.323931472169466e-05,1.359825135281906e-08,1.43164300553378e-05
1.240554689862949e-08,1.243175129336406e-05,1.559256187409692e-08,1.527516605489437e-05,1.364197704275013e-08,1.681351971999885e-05
1.243816221514052e-08,1.471415173786323e-05,1.565870550085064e-08,1.73754360991233e-05,1.368247292999588e-08,1.935869905310604e-05
1.246708901708011e-08,1.698061317594177e-05,1.572367770699134e-08,1.949750856288479e-05,1.371993508725283e-08,2.188016115133011e-05
1.249308910090991e-08,1.920466759281129e-05,1.578716292741128e-08,2.153329719854539e-05,1.374184138936073e-08,2.340589079508202e-05
1.25135519808993e-08,2.106938582642635e-05,1.582505850359621e-08,2.262591878852475e-05,1.376334689994883e-08,2.489239528817067e-05
1.253386487139087e-08,2.299519218011152e-05,1.586256957180824e-08,2.333261511230091e-05,1.378488153427383e-08,2.625035954697019e-05
1.255009467836736e-08,2.455085520809338e-05,1.589910111985444e-08,2.296966079598254e-05,1.381194662501023e-08,2.725744431109078e-05
1.257132215866936e-08,2.644692877276748e-05,1.594167944877419e-08,1.905062911018696e-05,1.38413283463209e-08,2.599949064734246e-05
1.259340599293507e-08,2.780855480342225e-05,1.598914564906196e-08,4.792493719788902e-06,1.388422016661072e-08,1.272773656009498e-05
1.261986783701461e-08,2.721225355909868e-05,1.605273219584652e-08,-4.760969253283496e-05,1.392091777558227e-08,-1.791501160854331e-05
1.265158347952253e-08,1.933841265746014e-05,1.611569007512123e-08,-0.0001590285679108774,1.395234053005837e-08,-6.553581228125464e-05
1.268004530085048e-08,8.213077705841047e-07,1.61660001022241e-08,-0.0003039288385051335,1.398479274937993e-08,-0.0001426490776896899
1.270803709140921e-08,-3.342136403387575e-05,1.621429494952103e-08,-0.0004978291237950427,1.402054026060807e-08,-0.0002674988416963479
1.273858714448459e-08,-9.549610661218946e-05,1.626556601051971e-08,-0.0007651301792275208,1.406211701962625e-08,-0.0004706833084820841
1.277354650214291e-08,-0.0002056676075756393,1.632308279941102e-08,-0.001133241736440914,1.410749859569028e-08,-0.0007631534203242886
1.281249818163045e-08,-0.0003835612209196535,1.639024609467128e-08,-0.001636500986931906,1.415342341303934e-08,-0.001124508389961574
1.285242305867583e-08,-0.0006271890339962493,1.646091199537958e-08,-0.002217110920011822,1.42016464992959e-08,-0.001559967890690643
1.289437778378389e-08,-0.0009445813502748363,1.653368687056224e-08,-0.002832178329302207,1.425408756124352e-08,-0.002073790606404397
1.293966731431949e-08,-0.001342424616131307,1.661189527878248e-08,-0.003469389039208613,1.43124897058733e-08,-0.00265989130699587
1.298977040166418e-08,-0.00182946080164337,1.669915016406341e-08,-0.004111673674267585,1.437674645031332e-08,-0.003288120533889722
1.304662449364124e-08,-0.002407398325631021,1.680025027003183e-08,-0.00472134518577613,1.445325254512476e-08,-0.003969827629944728
1.311273601778277e-08,-0.003071910617321605,1.690484174059196e-08,-0.005145999992331231,1.454146648986212e-08,-0.004632310565235266
1.319042792312683e-08,-0.003792156243762811,1.701059423299683e-08,-0.005195602265262791,1.464151244275653e-08,-0.005188541914957144
1.327668224502536e-08,-0.004476861821230219,1.715541542864501e-08,-0.003301687238351492,1.475778466729626e-08,-0.005473626890958022
1.33740898368137e-08,-0.005071026788319795,1.723658544888214e-08,0.000107580191797973,1.489034106735956e-08,-0.004641747030738695
1.348671256821931e-08,-0.00545752333841882,1.731978370043092e-08,0.007568831561991805,1.502028851284661e-08,0.0001011759846326326
1.361672714487893e-08,-0.005068032550790301,1.738991842774562e-08,0.01901393306702103,1.51145227539059e-08,0.009328508649144307
1.373510758951468e-08,-0.002378785204815706,1.744863449083182e-08,0.03392676665745907,1.518413291122349e-08,0.02177821105394364
1.384023904796273e-08,0.005007284648156174,1.750215059352783e-08,0.05346363143178976,1.524287943145926e-08,0.03797915121156302
1.391662648815524e-08,0.01598070563925748,1.754991543840296e-08,0.07763415757832055,1.529472428271322e-08,0.05841131576518966
1.397835896293528e-08,0.03033555209442248,1.759054132383521e-08,0.1055079362106039,1.534049469244139e-08,0.08323514839017197
1.403292263591645e-08,0.04889880628330388,1.762359253720277e-08,0.1356322829265278,1.537928435958403e-08,0.1116128008313065
1.408146303366313e-08,0.07192379734651255,1.765030545169053e-08,0.1670298681588204,1.541073028004605e-08,0.1420032602318183
1.412343293434576e-08,0.09898967245868008,1.767307716810098e-08,0.1995581064523128,1.543632994702071e-08,0.1736365258495458
1.415797370437923e-08,0.1287153853105271,1.769985130730675e-08,0.2432911234578238,1.545868112832991e-08,0.2066322772045691
1.418581030266608e-08,0.159843912499412,1.772454709220759e-08,0.288448059848421,1.549359115737914e-08,0.26615194076307
1.420913378628609e-08,0.1920998950239691,1.775740576156477e-08,0.3556684742894192,1.551962783810764e-08,0.3165670101524374
1.423283971198914e-08,0.2297815666256869,1.782312310027912e-08,0.5138801316420649,1.555904901652635e-08,0.402619808149271
1.425867172936779e-08,0.2757524895769966,1.788857830627629e-08,0.7006429544102485,1.563789137336376e-08,0.60801805455953
1.428749057663643e-08,0.3330200432286226,1.793621497053849e-08,0.8527062552110634,1.569379710648977e-08,0.7780895455808023
1.434512827117369e-08,0.4661349539540592,1.797680008171812e-08,0.9911403140215845,1.573665537612291e-08,0.9201843390000071
1.439516374086147e-08,0.6008473319309987,1.801336933158401e-08,1.121227138187266,1.577535357333613e-08,1.055455926720634
1.444594341489511e-08,0.7540493963548774,1.804732448943741e-08,1.244899497889503,1.581043515139477e-08,1.182169892869307
1.448992609102842e-08,0.898402350690932,1.808748190848276e-08,1.391653169718318,1.585236271093306e-08,1.335741137013095
1.452834652802383e-08,1.031752654779135,1.812390418142878e-08,1.520435234435989,1.589094752326314e-08,1.474888075773884
1.456385282840589e-08,1.159423868757944,1.815340716138504e-08,1.614286880824348,1.592336762498912e-08,1.583563817254507
1.460674250033374e-08,1.316375525133298,1.817521958879356e-08,1.671306566583973,1.594803408932378e-08,1.653626016475693
1.464610975352082e-08,1.458943033849394,1.819288183739424e-08,1.707013109599964,1.596662889515064e-08,1.695266543290688
1.467944809903322e-08,1.572237028241503,1.821154244571323e-08,1.734104825357053,1.598430338302252e-08,1.724666005738237
1.470517143656962e-08,1.647127180137305,1.823271283358405e-08,1.753752087407042,1.600741291760193e-08,1.749743759913865
1.472424365243528e-08,1.691183768614643,1.82543169158447e-08,1.765194725247921,1.603289417943063e-08,1.764864167760849
1.474176273744113e-08,1.721509525139533,1.827323926046696e-08,1.770645722475297,1.605218065463232e-08,1.770649017003389
1.476352370703361e-08,1.746695504617033,1.829253301484127e-08,1.77372709355767,1.607118099878191e-08,1.773724070085192
1.479162964258505e-08,1.764574812104938,1.831385254389641e-08,1.775649892572735,1.609195280333127e-08,1.775603099585418
1.481134537422837e-08,1.770645717080714,1.833896358492418e-08,1.777007726333824,1.611617131580364e-08,1.776917406848067
1.483018593508261e-08,1.773720127334982,1.837063002933983e-08,1.778170548247125,1.614690098177458e-08,1.778057257857277
1.485078948658133e-08,1.775586591621825,1.841316014151231e-08,1.779394999232161,1.618846578826084e-08,1.779270856665005
1.487458731771103e-08,1.77687722154108,1.847520684544664e-08,1.780903623263711,1.624951429198252e-08,1.780778600020807
1.49048380348843e-08,1.778002258269157,1.857691676791058e-08,1.782916947263146,1.634993497450531e-08,1.782799829795941
1.494589639773949e-08,1.77920809905916,1.872320533575205e-08,1.785072198208484,1.649434789504965e-08,1.784966144786684
1.500645265002752e-08,1.780715129959468,1.890010529864486e-08,1.786909637252077,1.666877545791811e-08,1.786814119000458
1.510644532209911e-08,1.782744333682232,1.912316056462318e-08,1.788503184196886,1.688787691091927e-08,1.788415144304296
1.525009794406758e-08,1.784917504642093,1.942293664102562e-08,1.78991197819791,1.718112779415054e-08,1.789831289872541
1.542339060461979e-08,1.786770173757148,1.974872943961048e-08,1.79089115558166,1.750582409594362e-08,1.790836737459657
1.564078879737377e-08,1.788375121525022,2.008701649569055e-08,1.791553487653567,1.784312019887355e-08,1.79151622161977
1.593111951245409e-08,1.789794465524,2.044358187907303e-08,1.792015959111869,1.819825480816708e-08,1.791989792387984
1.625525675459648e-08,1.790811774894527,2.082275142731261e-08,1.792343292730016,1.857572177510719e-08,1.79232481179869
1.659205095947371e-08,1.791499046579542,2.123252216391e-08,1.792576962832984,1.898312194160044e-08,1.792563787293005
1.694649602251397e-08,1.791977679835485,2.168209795535439e-08,1.792743840166689,1.942964586470887e-08,1.792734518482014
1.732316745507269e-08,1.792316230877524,2.218154675532836e-08,1.792861078928599,1.992529461125981e-08,1.792854627043681
1.772949014537957e-08,1.792557659335446,2.274331907810179e-08,1.792941071209712,2.048232795095594e-08,1.792936761705403
1.817464235397035e-08,1.792730178514818,2.338380227699347e-08,1.792993309435268,2.111682140088498e-08,1.792990579679217
1.866858879411526e-08,1.792851620178973,2.412591727366223e-08,1.793025358746974,2.185116128133198e-08,1.793023760703513
1.922350066863155e-08,1.792934750171414,2.500332460871417e-08,1.793043150382222,2.271811456494556e-08,1.793042322640105
1.985531139776475e-08,1.792989302222631,2.606799913003658e-08,1.793051566198863,2.376810122922917e-08,1.793051222192623
2.058616655299697e-08,1.793023009849023,2.740521625090283e-08,1.793054497552907,2.508348528116607e-08,1.793054419559952
2.144843861827008e-08,1.793041930974295,2.916629507475449e-08,1.793054701241785,2.680954480048547e-08,1.793054733029258
2.249185559181801e-08,1.793051057092058,3.165166612585419e-08,1.793054081334001,2.90841127773847e-08,1.793054137301918
2.379749142874999e-08,1.793054380103573,3.554241159480793e-08,1.793053624838562,3.193612963767223e-08,1.793053688295521
2.550798138571283e-08,1.793054746217594,4.050943729375209e-08,1.793053548765397,3.567676181504229e-08,1.793053553713831
2.790292770584344e-08,1.793054148650973,4.719553580642636e-08,1.793053580652886,4.095876613137358e-08,1.79305357117441
3.16300723554313e-08,1.793053656817832,5.699241927846828e-08,1.793053595866499,4.957603734949605e-08,1.793053598956226
3.797318194639291e-08,1.793053545571509,7.43230589004565e-08,1.793053592849611,6.49248124889546e-08,1.793053601423763
4.649735405219063e-08,1.793053589088193,1.089843381444329e-07,1.793053589313369,9.289071972914241e-08,1.793053597827581
5.878553774800553e-08,1.793053605045095,1.58984338144433e-07,1.79305358698693,1.357779339337813e-07,1.793053597072393
7.913966419479003e-08,1.793053601421102,2.08984338144433e-07,1.793053583893347,1.857779339337813e-07,1.793053596759276
1.19847917088359e-07,1.793053599763976,2.58984338144433e-07,1.793053579768714,2.357779339337812e-07,1.793053596208822
1.69847917088359e-07,1.793053600100571,3.08984338144433e-07,1.793053574227204,2.857779339337813e-07,1.793053595526597
2.19847917088359e-07,1.793053600125725,3.58984338144433e-07,1.79305356622056,3.357779339337813e-07,1.793053594717881
2.69847917088359e-07,1.793053600026033,4.089843381444329e-07,1.793053552881263,3.857779339337813e-07,1.793053593746082
3.19847917088359e-07,1.793053599907248,4.204482714362354e-07,1.793053548369771,4.357779339337813e-07,1.793053592563929
3.69847917088359e-07,1.793053599765683,4.433761380198404e-07,1.793053535126859,4.857779339337813e-07,1.793053591112454
4.19847917088359e-07,1.793053599587042,4.494341686303525e-07,1.793053530180141,5.357779339337813e-07,1.793053589311495
4.69847917088359e-07,1.793053599388063,4.615146458810493e-07,1.793053549655755,5.857779339337814e-07,1.793053587045321
5.19847917088359e-07,1.793053599096168,4.699911037419466e-07,1.793053551592509,6.357779339337814e-07,1.793053584133312
5.698479170883591e-07,1.793053598731188,4.781278140293951e-07,1.793053544207912,6.857779339337815e-07,1.793053580270051
6.198479170883591e-07,1.793053598322684,4.86706792514191e-07,1.793053531219859,7.357779339337815e-07,1.793053574884528
6.698479170883592e-07,1.793053597817805,4.986598171058983e-07,1.793053316339958,7.857779339337816e-07,1.793053566714315
7.198479170883592e-07,1.79305359726103,5.081635762347405e-07,1.793053284145646,8.357779339337816e-07,1.793053552010489
7.698479170883593e-07,1.793053596595349,5.197021610387356e-07,1.793053230830348,8.461486336055226e-07,1.793053547261824
8.198479170883593e-07,1.793053595801922,5.366905084344939e-07,1.793053073003999,8.664684830604185e-07,1.793053533126809
8.698479170883594e-07,1.793053594841271,5.434842669564409e-07,1.793052937735556,8.715977177438293e-07,1.793053527965232
9.198479170883594e-07,1.793053593637596,5.507141956540574e-07,1.793052698628315,8.812271361101626e-07,1.793053549924913
9.698479170883594e-07,1.793053592052704,5.535769287603503e-07,1.793052543727043,8.86775243431771e-07,1.793053554887323
1.019847917088359e-06,1.793053589817871,5.566901049026456e-07,1.793052269338234,8.924949524783454e-07,1.793053549947523
1.069847917088359e-06,1.793053586425128,5.584570415179529e-07,1.793052024209756,8.976836539473971e-07,1.793053539991232
1.119847917088359e-06,1.793053580962686,5.601853086730765e-07,1.793051652418568,9.048419503741356e-07,1.793053317872674
1.169847917088359e-06,1.793053571345754,5.617694200135438e-07,1.793051083494601,9.111622890371237e-07,1.793053286067791
1.199078255992767e-06,1.793053561319979,5.633258776645712e-07,1.793050092944924,9.175840564702483e-07,1.793053245305335
1.219340177871672e-06,1.793053558782832,5.652085829287678e-07,1.793047526504674,9.256477640545742e-07,1.793053158548186
1.224566269977647e-06,1.79305357054553,5.666829110394706e-07,1.793043132316664,9.31270650184523e-07,1.793053052308192
1.235018454189597e-06,1.793053568864334,5.676759759892183e-07,1.793038064044034,9.369236191440194e-07,1.793052843340275
1.240378069748615e-06,1.793053564803549,5.686010375353832e-07,1.793031275765555,9.390417818777387e-07,1.793052703396416
1.24647849082368e-06,1.793053558735775,5.692866376151421e-07,1.793025069907581,9.413232483865841e-07,1.793052492566119
1.249663782168232e-06,1.793053553985391,5.699301981662343e-07,1.793018741040751,9.425545292429637e-07,1.793052321739947
1.252720299263549e-06,1.793053547158188,5.706710446720342e-07,1.793011218935491,9.43774478248147e-07,1.793052072370342
1.256139690580613e-06,1.793053535105527,5.72152737683634e-07,1.792996080216677,9.448856499109496e-07,1.793051707534128
1.261417464845857e-06,1.793053503188096,5.735637557990914e-07,1.792981643832073,9.459621872367573e-07,1.793051099982527
1.265428239258164e-06,1.793053463645197,5.752812214451902e-07,1.792964067665842,9.472448383595163e-07,1.793049626577113
1.269861009100147e-06,1.793053391069574,5.761399542682396e-07,1.792955270086859,9.483103241663244e-07,1.793047068913151
1.273025594381833e-06,1.793053304715804,5.778574199143384e-07,1.792937579389375,9.489607261605862e-07,1.793044492918135
1.276218678828947e-06,1.793053145897547,5.783489499405276e-07,1.792932481146771,9.495931949123717e-07,1.793040822586779
1.277471111835743e-06,1.793053054985509,5.789619237988991e-07,1.792926066310534,9.501658807433868e-07,1.79303644543393
1.278807944558791e-06,1.793052920959555,5.7947367640802e-07,1.792920588850709,9.506627234830616e-07,1.793032047987195
1.279896269429845e-06,1.793052754098547,5.8002873361538e-07,1.792914501299883,9.511169165140884e-07,1.793027829790794
1.280690059059919e-06,1.793052568653842,5.809346063247452e-07,1.792904189406374,9.519713078553186e-07,1.793019806001026
1.281424735163482e-06,1.793052295174197,5.815823025121249e-07,1.792896606297903,9.53066163149903e-07,1.793009546159298
1.282236574377023e-06,1.793051731070439,5.821438127297315e-07,1.792889909850352,9.542799727490567e-07,1.792998218013178
1.283292787617118e-06,1.793049881526906,5.827548973977513e-07,1.792882575848231,9.551835322414516e-07,1.792989800763323
1.283681625446597e-06,1.793048736964216,5.834663222405303e-07,1.792873966194614,9.557369878348649e-07,1.792984639953894
1.284073623944676e-06,1.79304711548461,5.844140426278532e-07,1.792862445058317,9.561357357915419e-07,1.792980912871154
1.284439410020796e-06,1.793045014110708,5.85858445388144e-07,1.792844759898039,9.564685410029765e-07,1.792977789641341
1.284796087048547e-06,1.793042490861737,5.881479221608604e-07,1.792816427469577,9.567939355651724e-07,1.792974706666509
1.285089267437751e-06,1.793040194664179,5.906448711854723e-07,1.792785132732013,9.571453159006066e-07,1.792971295013189
1.285527745915075e-06,1.793036652643625,5.93140341791564e-07,1.792753469120791,9.575933515601404e-07,1.792966748934179
1.286404702869724e-06,1.7930295478339,5.9594753171042e-07,1.792717405089051,9.582143096452431e-07,1.792960115452165
1.2874348315539e-06,1.793021316944992,5.993395064151783e-07,1.792673209027643,9.58666166065916e-07,1.792955053632734
1.287949895895988e-06,1.793017211346536,6.034805962787721e-07,1.792618334895068,9.590771778506696e-07,1.792950341731036
1.288268462273175e-06,1.793014681563068,6.083861479681899e-07,1.79255201437637,9.595188724235696e-07,1.792945208725833
1.288502781138372e-06,1.79301282548077,6.141246846810455e-07,1.792472586069752,9.600214907847584e-07,1.792939279874091
1.288768036239983e-06,1.793010722532405,6.210383702381797e-07,1.792374167881791,9.606527436398569e-07,1.792931813757776
1.28900048111015e-06,1.79300884922383,6.300155033565464e-07,1.792241739922063,9.615138170130058e-07,1.792921546457362
1.289282535684614e-06,1.79300647936244,6.381256572512985e-07,1.792117366121001,9.628078350722291e-07,1.792906014939075
1.289673324696108e-06,1.793002919609783,6.458399569877118e-07,1.791994663606996,9.646674270884421e-07,1.792883469874487
1.290072101028041e-06,1.792998964696346,6.539345579482971e-07,1.791861051897158,9.666389251300088e-07,1.792859304607194
1.290381033934467e-06,1.792995699934458,6.63953301310495e-07,1.791688378191452,9.686354531675229e-07,1.792834583442186
1.290683347810574e-06,1.792992357553544,6.768633401307385e-07,1.791453088601832,9.708638406533097e-07,1.792806717374226
1.291008324846876e-06,1.792988680971523,6.933381185750426e-07,1.791129902783345,9.735392172942427e-07,1.792772894720972
1.291380708916886e-06,1.792984403135286,7.129560873379415e-07,1.790707306813982,9.76912674129618e-07,1.792729683123853
1.291838829013519e-06,1.792979062078249,7.369741111002827e-07,1.79012492189588,9.813164287792056e-07,1.792672322074133
1.29243197879886e-06,1.792972116543896,7.668469875826223e-07,1.789279161982134,9.873431140312271e-07,1.792592035555648
1.293243026509059e-06,1.79296253736568,8.035213016886224e-07,1.788002448886885,9.919545090759243e-07,1.792529168575225
1.294369328412659e-06,1.792949147600503,8.481433668626866e-07,1.785946297461071,9.961802665439913e-07,1.792470433545875
1.295737012286683e-06,1.792932757800664,8.981433668626866e-07,1.782592616531401,1.001206439889627e-06,1.792399131131061
1.297216206940311e-06,1.792914895782001,9.481433668626867e-07,1.77718745028544,1.007906880377399e-06,1.79230155746055
1.298896956078171e-06,1.792894451114251,9.981433668626867e-07,1.767118120687613,1.017157144934661e-06,1.79216190525835
1.301032686508185e-06,1.792868258552298,1.02590408773702e-06,1.756485883017283,1.028267944866545e-06,1.791986122832437
1.303519767078902e-06,1.792837458748671,1.045649125914469e-06,1.742962727969377,1.041522160685346e-06,1.791764069233817
1.305490467814455e-06,1.792812823866795,1.050740024817937e-06,1.73775988400375,1.057847310744306e-06,1.791470306655806
1.307470719052803e-06,1.792787862543268,1.060921822624874e-06,1.722730543058315,1.078077702316222e-06,1.791071423334362
1.309833608013029e-06,1.79275780310586,1.066816191555928e-06,1.708665966858994,1.102885412210526e-06,1.790521182767857
1.312974993106302e-06,1.79271736989435,1.073046793485973e-06,1.683825116548162,1.132980365957942e-06,1.789744153345638
1.317444736592027e-06,1.792658895466829,1.078077094707532e-06,1.64886180700441,1.169358448679243e-06,1.78859906976532
1.323316779893891e-06,1.792580344519232,1.081734785273035e-06,1.611530594620215,1.212836242818248e-06,1.786819411405936
1.330421528676939e-06,1.792482579618484,1.085347508788038e-06,1.56468982224506,1.262836242818248e-06,1.783913046992551
1.338955122383029e-06,1.792361030616342,1.089543447624294e-06,1.500111485599903,1.312836242818248e-06,1.779381597885309
1.349495583429495e-06,1.792204334200845,1.09375765523071e-06,1.426655532029433,1.362836242818248e-06,1.771435950819378
1.362527198886828e-06,1.791999862332496,1.097959178637622e-06,1.346669197950241,1.412836242818248e-06,1.753735694822627
1.378433917984557e-06,1.791732724734513,1.102634185949447e-06,1.251417807427798,1.422017559994417e-06,1.747625221426077
1.397681600916933e-06,1.791380703427403,1.107866706120027e-06,1.138785086751561,1.438255874771574e-06,1.730447922511849
1.420874675511436e-06,1.790908516831683,1.113523764244225e-06,1.011858306249568,1.442213769675477e-06,1.723912372473505
1.448614670704571e-06,1.790261852561116,1.119453701553574e-06,0.8751939472833099,1.449231424883227e-06,1.707127856921065
1.481302274921287e-06,1.789357373882023,1.125597939030963e-06,0.7319254875683426,1.453688818679652e-06,1.690190727848271
1.519075614684831e-06,1.788058934749357,1.131901758710284e-06,0.5856197987619237,1.458184995611894e-06,1.663526181591902
1.562107474335489e-06,1.786108872954582,1.138202471897776e-06,0.4429059574827175,1.462061886700837e-06,1.629041233053854
1.611192236468737e-06,1.782914401666762,1.144243377418017e-06,0.312726749264685,1.465561517953923e-06,1.587768668008732
1.661192236468737e-06,1.777730229943421,1.149786555800603e-06,0.2029268774429637,1.47051238430663e-06,1.515374898487842
1.711192236468737e-06,1.768219371060614,1.151010086416232e-06,0.180435446381167,1.475215441367147e-06,1.434850669216142
1.740961064781181e-06,1.757455201792493,1.153457147647488e-06,0.142145573299568,1.47935061861903e-06,1.356753540204837
1.761163368787094e-06,1.744298493223174,1.155584342210083e-06,0.1202808893256858,1.483851593093798e-06,1.265729385652253
1.76641665806452e-06,1.739215666921351,1.157324480073513e-06,0.108380735102333,1.488917093769841e-06,1.157465896404098
1.776923236619372e-06,1.724590383908807,1.159355163505871e-06,0.09825291540976168,1.494513003518068e-06,1.032605127968571
1.783090432598089e-06,1.710733235280421,1.161237887218261e-06,0.09083911656457665,1.500442115065248e-06,0.8963964424604
1.789625299145106e-06,1.685977205240292,1.163408423668174e-06,0.08365554291151969,1.506579783668168e-06,0.7533920211100963
1.794850931751747e-06,1.650743929099071,1.166296850580969e-06,0.07559789236415634,1.512872108095558e-06,0.607086909588063
1.798568608727044e-06,1.613373265559513,1.170287852418827e-06,0.06642223157236843,1.519185073805486e-06,0.4633754466666054
1.802133974553363e-06,1.567616271985131,1.175476750908239e-06,0.05679924980906424,1.525278087260145e-06,0.3308535134381744
1.806388737654912e-06,1.502564015105022,1.181773818660527e-06,0.04746710999523557,1.530905181090292e-06,0.2176799273899522
1.810650393325271e-06,1.428515101828486,1.189404760371604e-06,0.03851626202925817,1.533768360046135e-06,0.1657450285030713
1.81483650947681e-06,1.348972954511185,1.198899176458504e-06,0.02988344416314315,1.53465380176958e-06,0.1516739972193692
1.819483657138023e-06,1.254447344213845,1.210600740140153e-06,0.02191516634411322,1.536369738016223e-06,0.1302373004664753
1.824691407647413e-06,1.142510174987949,1.224827559187799e-06,0.01499608658611462,1.537992003802315e-06,0.1162461716870002
1.830337427888865e-06,1.015966535343875,1.241911407112156e-06,0.009433964688174964,1.54025790787853e-06,0.1028189124004242
1.836263616490484e-06,0.8794714160685824,1.262148343306671e-06,0.005383528079360875,1.542063404588569e-06,0.09490472212550007
1.842404023941215e-06,0.7363104916805931,1.285780530520813e-06,0.002764194234675189,1.543949322107032e-06,0.08803586647839458
1.848705211453676e-06,0.5900066416820253,1.313262436381904e-06,0.001267722475354291,1.54637735923775e-06,0.08051856683460042
1.855009239718148e-06,0.4470648341033918,1.345798689161461e-06,0.000507704628024782,1.549764970659829e-06,0.07177729757470683
1.8610615671794e-06,0.3163853365818544,1.385988485306547e-06,0.0001773436235185439,1.554391930785931e-06,0.06208352696977536
1.866622218357733e-06,0.2058844829315142,1.435988485306547e-06,5.867962994967155e-05,1.560033564801014e-06,0.05260836001395659
1.867851537456753e-06,0.1831576232600473,1.485927118776448e-06,2.638401892180808e-05,1.566822200091695e-06,0.04351682107547784
1.870310175654792e-06,0.1439655085688933,1.535927118776447e-06,1.49598092729583e-05,1.575236937158678e-06,0.03466037107519843
1.872507610336117e-06,0.1208710193147902,1.585927118776447e-06,9.55014490352324e-06,1.585667275109375e-06,0.02626867902842299
1.87420481168458e-06,0.1090519517907532,1.635927118776447e-06,6.441092981972505e-06,1.598439368196934e-06,0.018718653242041
1.876289470577161e-06,0.09851034231571042,1.685927118776447e-06,4.520204510977499e-06,1.613880226559143e-06,0.01236728856685953
1.878183586454074e-06,0.09101044227495245,1.735927118776447e-06,3.323878412818839e-06,1.632320109805496e-06,0.007463646419412674
1.88033093980543e-06,0.08387374713496894,1.785927118776447e-06,2.588941245835058e-06,1.654019744911908e-06,0.004068604247377158
1.88317595104328e-06,0.07589231156689719,1.835927118776447e-06,2.146172166975689e-06,1.679262070498619e-06,0.001990118723098452
1.887118744678139e-06,0.0667626414822499,1.885927118776447e-06,1.883681303844237e-06,1.7087497888606e-06,0.0008646456470118816
1.892280699348647e-06,0.05711639951641567,1.935927118776447e-06,1.729919221915693e-06,1.744236145969537e-06,0.0003263965805879414
1.898543683202169e-06,0.04776479681056155,1.985927118776447e-06,1.642843511504903e-06,1.789226395700244e-06,0.0001065185091776014
1.906123195903087e-06,0.03880396102014657,2.035927118776447e-06,1.59248695713017e-06,1.839226395700244e-06,3.980734347288012e-05
1.915547356492184e-06,0.03015913447201451,2.085927118776447e-06,1.564143815428594e-06,1.888107498168945e-06,2.005738806421268e-05
1.927169580652837e-06,0.02216366711671459,2.135927118776447e-06,1.548271216435066e-06,1.938107498168945e-06,1.186023444547805e-05
1.941308734973966e-06,0.01520396353989377,2.185927118776447e-06,1.539421589863654e-06,1.988107498168944e-06,7.593568845141603e-06
1.95829409461661e-06,0.009593327793285315,2.235927118776447e-06,1.534507349767565e-06,2.038107498168944e-06,5.040137508595084e-06
1.978423246000611e-06,0.005492965804209445,2.285927118776447e-06,1.531787611206186e-06,2.088107498168944e-06,3.450253149036124e-06
2.001938520510922e-06,0.002830497692331784,2.335927118776447e-06,1.530286556525165e-06,2.138107498168944e-06,2.464136910748906e-06
2.029280240715071e-06,0.001303223037427378,2.385927118776447e-06,1.529459985615926e-06,2.188107498168944e-06,1.862929426027288e-06
2.061617802901748e-06,0.0005243134920240439,2.435927118776446e-06,1.529005696194251e-06,2.238107498168944e-06,1.503454933575496e-06
2.101490369963704e-06,0.000183987055281329,2.485927118776446e-06,1.528756401943333e-06,2.288107498168944e-06,1.29029913790673e-06
2.151490369963704e-06,6.03048250597064e-05,2.535927118776446e-06,1.528619784223685e-06,2.338107498168944e-06,1.169073119308788e-06
2.201490369963704e-06,2.677309777916711e-05,2.585927118776446e-06,1.528545001051437e-06,2.388107498168944e-06,1.098687913202383e-06
2.251490369963704e-06,1.503853092469368e-05,2.635927118776446e-06,1.528504091830439e-06,2.438107498168944e-06,1.058714504888686e-06
2.301490369963704e-06,9.523313499000438e-06,2.685927118776446e-06,1.528481741080733e-06,2.488107498168944e-06,1.036193010118291e-06
2.351490369963704e-06,6.364918021474343e-06,2.735927118776446e-06,1.528469533993862e-06,2.538107498168944e-06,1.023575934317312e-06
2.401490369963704e-06,4.415348531720124e-06,2.785927118776446e-06,1.528462870527961e-06,2.588107498168944e-06,1.016539683276974e-06
2.451490369963704e-06,3.200901899576001e-06,2.835927118776446e-06,1.528459237224144e-06,2.638107498168944e-06,1.012630182118836e-06
2.501490369963703e-06,2.454444471461968e-06,2.885927118776446e-06,1.528457252944238e-06,2.688107498168944e-06,1.01046449299893e-06
2.551490369963703e-06,2.004489029824252e-06,2.935927118776446e-06,1.528456172899858e-06,2.738107498168944e-06,1.009267759934969e-06
2.601490369963703e-06,1.737606535345714e-06,2.967963559388223e-06,1.528455777037203e-06,2.788107498168944e-06,1.008607801389213e-06
2.651490369963703e-06,1.581196523403449e-06,3e-06,1.52845551328947e-06,2.838107498168944e-06,1.008244470349517e-06
2.701490369963703e-06,1.492610301491028e-06,3.000000625e-06,1.528455513281518e-06,2.888107498168943e-06,1.008044718720827e-06
2.751490369963703e-06,1.441355174276058e-06,3.000003125e-06,1.528455513546801e-06,2.938107498168943e-06,1.007935031775121e-06
2.801490369963703e-06,1.41250101859555e-06,3.0000065625e-06,1.528455513776815e-06,2.969053749084472e-06,1.007895833437501e-06
2.851490369963703e-06,1.396339523836017e-06,3.00001e-06,1.528455513717173e-06,3e-06,1.00786927285982e-06
2.901490369963703e-06,1.387327486179538e-06,3.000016875e-06,1.528455513667445e-06,3.000000625e-06,1.007869272495533e-06
2.951490369963703e-06,1.382322406248885e-06,3.000030624999999e-06,1.528455513580749e-06,3.000003125e-06,1.00786927125968e-06
3e-06,1.379623150803724e-06,3.000058124999997e-06,1.52845551323475e-06,3.0000065625e-06,1.00786926924705e-06
3.000000625e-06,1.379623129815041e-06,3.000113124999994e-06,1.528455512656788e-06,3.00001e-06,1.007869267107587e-06
3.000003125e-06,1.37962304588774e-06,3.000223124999989e-06,1.528455511852256e-06,3.000016875e-06,1.007869262605445e-06
3.0000065625e-06,1.379622930047829e-06,3.000443124999977e-06,1.52845551047339e-06,3.000030624999999e-06,1.007869253738397e-06
3.00001e-06,1.379622813927654e-06,3.000726562499989e-06,1.528455508647258e-06,3.000058124999997e-06,1.007869235730753e-06
3.000016875e-06,1.379622581816482e-06,3.00101e-06,1.52845546730868e-06,3.000113124999994e-06,1.00786919972322e-06
3.000030624999999e-06,1.379622118075922e-06,3.00102e-06,1.528455465066441e-06,3.000223124999989e-06,1.007869128469869e-06
3.000058124999997e-06,1.379621190510753e-06,3.00104e-06,1.528455460285932e-06,3.000443124999977e-06,1.007868988283021e-06
3.000113124999994e-06,1.379619335910812e-06,3.001323437500011e-06,1.528455493085044e-06,3.000726562499989e-06,1.007868807803819e-06
3.000223124999989e-06,1.37961562992544e-06,3.001890312500035e-06,1.528455575982346e-06,3.00101e-06,1.007868624913074e-06
3.000443124999977e-06,1.379608230660252e-06,3.003024062500082e-06,1.528455494657184e-06,3.00102e-06,1.007868618322268e-06
3.000726562499989e-06,1.379598720688032e-06,3.005291562500176e-06,1.528455459217101e-06,3.00104e-06,1.007868605169231e-06
3.00101e-06,1.379589235219137e-06,3.009826562500365e-06,1.528455458821259e-06,3.001323437500011e-06,1.00786841934426e-06
3.00102e-06,1.379588900929469e-06,3.018896562500742e-06,1.528455408492269e-06,3.001890312500035e-06,1.007868050109698e-06
3.00104e-06,1.379588232726542e-06,3.037036562501496e-06,1.528455320801487e-06,3.003024062500082e-06,1.007867323056847e-06
3.001323437500011e-06,1.379578775261095e-06,3.073316562503004e-06,1.528455188678218e-06,3.005291562500176e-06,1.007865898805701e-06
3.001890312500035e-06,1.379559937644031e-06,3.085816562503004e-06,1.52845515234641e-06,3.009826562500365e-06,1.00786314229576e-06
3.003024062500082e-06,1.379522574207581e-06,3.110816562503003e-06,1.528455092958626e-06,3.018896562500742e-06,1.007857974626064e-06
3.005291562500176e-06,1.379449071554186e-06,3.160816562503003e-06,1.52845500884594e-06,3.037036562501496e-06,1.007848885273464e-06
3.009826562500365e-06,1.379306813244616e-06,3.210816562503003e-06,1.528454952134625e-06,3.073316562503004e-06,1.00783467321427e-06
3.018896562500742e-06,1.379040220059387e-06,3.260816562503003e-06,1.528454922486847e-06,3.123316562503004e-06,1.007821499779474e-06
3.037036562501496e-06,1.378571085874393e-06,3.310816562503003e-06,1.528454904424813e-06,3.173316562503004e-06,1.007813398522664e-06
3.073316562503004e-06,1.377839180759419e-06,3.360816562503003e-06,1.528454893798093e-06,3.223316562503004e-06,1.007808564299399e-06
3.123316562503004e-06,1.377159890312803e-06,3.410816562503003e-06,1.528454887824623e-06,3.273316562503004e-06,1.007805737523596e-06
3.173316562503004e-06,1.376743118450637e-06,3.460816562503003e-06,1.528454884497874e-06,3.323316562503003e-06,1.007804099571618e-06
3.223316562503004e-06,1.376494534658211e-06,3.510816562503003e-06,1.528454882571187e-06,3.373316562503003e-06,1.007803166895756e-06
3.273316562503004e-06,1.376349180531185e-06,3.560816562503002e-06,1.528454882045037e-06,3.423316562503003e-06,1.0078026402884e-06
3.323316562503003e-06,1.376265422684815e-06,3.610816562503002e-06,1.528454881167986e-06,3.473316562503003e-06,1.007802344443838e-06
3.373316562503003e-06,1.376217688682529e-06,3.660816562503002e-06,1.52845487991112e-06,3.523316562503003e-06,1.007802177551495e-06
3.423316562503003e-06,1.376190716218687e-06,3.710816562503002e-06,1.528454885201491e-06,3.573316562503003e-06,1.007802086540935e-06
3.473316562503003e-06,1.376175577290088e-06,3.760816562503002e-06,1.528454878282595e-06,3.623316562503003e-06,1.007802034829273e-06
3.523316562503003e-06,1.376167126112286e-06,3.810816562503002e-06,1.528454880364606e-06,3.673316562503003e-06,1.007802006883067e-06
3.573316562503003e-06,1.376162429484544e-06,3.860816562503002e-06,1.528454880558046e-06,3.723316562503003e-06,1.007801992851912e-06
3.623316562503003e-06,1.376159826418879e-06,3.910816562503003e-06,1.528454880676052e-06,3.773316562503003e-06,1.007801981449112e-06
3.673316562503003e-06,1.376158393061871e-06,3.960816562503003e-06,1.528454880785715e-06,3.823316562503003e-06,1.007801977574791e-06
3.723316562503003e-06,1.376157596450026e-06,4.010816562503003e-06,1.528454880874324e-06,3.873316562503003e-06,1.007801975622865e-06
3.773316562503003e-06,1.376157162580898e-06,4.060816562503004e-06,1.528454880947495e-06,3.923316562503004e-06,1.00780197360394e-06
3.823316562503003e-06,1.376156923843019e-06,4.110816562503004e-06,1.528454881012031e-06,3.973316562503004e-06,1.007801973326302e-06
3.873316562503003e-06,1.376156792391526e-06,4.160816562503004e-06,1.528454881066993e-06,4.023316562503004e-06,1.007801972958443e-06
3.923316562503004e-06,1.376156721535138e-06,4.210816562503005e-06,1.52845488111965e-06,4.073316562503005e-06,1.007801972773161e-06
3.973316562503004e-06,1.376156683316643e-06,4.260816562503005e-06,1.528454881165488e-06,4.123316562503005e-06,1.007801972870451e-06
4.023316562503004e-06,1.376156660585122e-06,4.310816562503005e-06,1.528454881210523e-06,4.173316562503006e-06,1.007801972174899e-06
4.073316562503005e-06,1.376156648974154e-06,4.360816562503006e-06,1.528454881218896e-06,4.223316562503006e-06,1.007801973042043e-06
4.123316562503005e-06,1.376156643062383e-06,4.410816562503006e-06,1.528454881461785e-06,4.273316562503006e-06,1.007801973589114e-06
4.173316562503006e-06,1.376156641614619e-06,4.460816562503007e-06,1.528454881158475e-06,4.323316562503007e-06,1.007801972437318e-06
4.223316562503006e-06,1.376156636677026e-06,4.510816562503007e-06,1.528454881411361e-06,4.373316562503007e-06,1.007801972466884e-06
4.273316562503006e-06,1.376156636513734e-06,4.560816562503007e-06,1.528454881376696e-06,4.423316562503007e-06,1.007801974822727e-06
4.323316562503007e-06,1.376156636160595e-06,4.610816562503008e-06,1.528454881429963e-06,4.473316562503008e-06,1.007801971799403e-06
4.373316562503007e-06,1.376156636019751e-06,4.660816562503008e-06,1.528454881471209e-06,4.523316562503008e-06,1.007801973063342e-06
4.423316562503007e-06,1.376156635785009e-06,4.710816562503008e-06,1.528454881503481e-06,4.573316562503008e-06,1.007801973177258e-06
4.473316562503008e-06,1.376156635990838e-06,4.760816562503009e-06,1.528454881529692e-06,4.623316562503009e-06,1.007801973134845e-06
4.523316562503008e-06,1.376156636590408e-06,4.810816562503009e-06,1.528454881555077e-06,4.673316562503009e-06,1.007801973227136e-06
4.573316562503008e-06,1.376156635624027e-06,4.86081656250301e-06,1.528454881579001e-06,4.72331656250301e-06,1.007801973196497e-06
4.623316562503009e-06,1.376156635953295e-06,4.91081656250301e-06,1.528454881599531e-06,4.77331656250301e-06,1.007801973288192e-06
4.673316562503009e-06,1.376156636067151e-06,4.96081656250301e-06,1.528454881620653e-06,4.82331656250301e-06,1.007801973332762e-06
4.72331656250301e-06,1.376156636037484e-06,5e-06,1.528454881634572e-06,4.873316562503011e-06,1.007801973497695e-06